MLR,NPR
0.06382978723404255,0.00042857142857142855
0.12244897959183673,0.0004895833333333333
0.08333333333333333,0.00022282608695652173
0.14285714285714285,0.00027544910179640717
0.08695652173913043,0.00029032258064516127
0.045454545454545456,0.0005952380952380953
0.07142857142857142,0.0004673913043478261
0.075,0.00046666666666666666
0.14583333333333334,0.0002542372881355932
0.06666666666666667,0.00019090909090909092
0.061224489795918366,0.0001956521739130435
0.04878048780487805,0.000625
0.10869565217391304,0.000275
0.10204081632653061,0.00029559748427672954
0.0625,0.0002764705882352941
0.0851063829787234,0.000275
0.04878048780487805,0.00034090909090909094
0.07142857142857142,0.00040833333333333336
0.06521739130434782,0.00026219512195121953
0.08333333333333333,0.00022459893048128342
0.06521739130434782,0.0002631578947368421
0.04878048780487805,0.0003333333333333333
0.04878048780487805,0.00035833333333333333
0.045454545454545456,0.0003380281690140845
0.06382978723404255,0.00022164948453608249
0.04878048780487805,0.0005662650602409638
0.047619047619047616,0.0004631578947368421
0.05,0.00047252747252747254
0.047619047619047616,0.0004886363636363636
0.046511627906976744,0.0004054054054054054
0.07317073170731707,0.0003333333333333333
0.061224489795918366,0.0002586206896551724
0.07317073170731707,0.00040952380952380955
0.0851063829787234,0.00028125
0.04878048780487805,0.0005054945054945055
0.07142857142857142,0.0003120567375886525
0.06818181818181818,0.0005333333333333334
0.08888888888888889,0.00022527472527472529
0.07142857142857142,0.0003692307692307692
0.08695652173913043,0.0003333333333333333
0.07317073170731707,0.0005487804878048781
0.06382978723404255,0.00048484848484848484
0.0625,0.00022395833333333333
0.0851063829787234,0.00024193548387096774
0.08163265306122448,0.0002690058479532164
0.07317073170731707,0.000625
0.08333333333333333,0.00025925925925925926
0.06666666666666667,0.0005454545454545455
0.08333333333333333,0.00023036649214659686
0.07317073170731707,0.0005316455696202532
0.15625,0.00024390243902439024
0.16363636363636364,0.0002
0.13793103448275862,0.0008571428571428571
0.05714285714285714,0.0006547619047619047
0.08163265306122448,0.00023195876288659793
0.058823529411764705,0.0006257668711656442
0.05,0.0003983739837398374
0.06521739130434782,0.0003401360544217687
0.08108108108108109,0.000415929203539823
0.0625,0.00045871559633027525
0.06666666666666667,0.0005972222222222222
0.04878048780487805,0.0005714285714285715
0.075,0.0004606741573033708
0.07142857142857142,0.00044444444444444447
0.07692307692307693,0.0003858267716535433
0.1,0.0003435114503816794
0.10204081632653061,0.00019583333333333334
0.046511627906976744,0.0006329113924050633
0.14,0.00018633540372670808
0.1,0.00021304347826086957
0.05555555555555555,0.0006282051282051282
0.08823529411764706,0.0004823529411764706
0.07692307692307693,0.0005487804878048781
0.07317073170731707,0.0005555555555555556
0.05263157894736842,0.0003565891472868217
0.10204081632653061,0.0001752577319587629
0.04878048780487805,0.0004975124378109452
0.09375,0.00035294117647058826
0.10344827586206896,0.00046666666666666666
0.1,0.0005368421052631579
0.058823529411764705,0.00030821917808219177
0.10256410256410256,0.00046728971962616824
0.0967741935483871,0.0006153846153846154
0.09302325581395349,0.00042727272727272726
0.044444444444444446,0.0004
0.08,0.00012
0.1,0.00041176470588235296
0.08333333333333333,0.00035714285714285714
0.1,0.000366412213740458
0.10204081632653061,0.00035374149659863946
0.06896551724137931,0.0005889570552147239
0.10869565217391304,0.00016666666666666666
0.06,0.00017928286852589642
0.08333333333333333,0.0003669064748201439
0.05714285714285714,0.00045918367346938773
0.1,0.00018041237113402062
0.06382978723404255,0.00017543859649122806
0.08,0.00020361990950226245
0.061224489795918366,0.0001636828644501279
0.058823529411764705,0.0004152542372881356
0.08823529411764706,0.0003831417624521073
0.1,0.0004017857142857143
0.05405405405405406,0.0003984375
0.1,0.00037404580152671754
0.08,0.00013061224489795917
0.061224489795918366,0.0001762114537444934
0.08,0.0001798941798941799
0.06382978723404255,0.00017
0.08,0.00019791666666666666
0.06666666666666667,0.00042
0.06451612903225806,0.00043925233644859815
0.0967741935483871,0.0005063291139240507
0.12121212121212122,0.0005555555555555556
0.1,0.00016976127320954908
0.06,0.0001923076923076923
0.041666666666666664,0.0001631578947368421
0.1,0.0006049382716049383
0.0625,0.0004631578947368421
0.07692307692307693,0.00048598130841121494
0.11428571428571428,0.0005
0.06896551724137931,0.0004597701149425287
0.0967741935483871,0.0003333333333333333
0.08163265306122448,0.00035714285714285714
0.06896551724137931,0.0004146341463414634
0.06666666666666667,0.0005113636363636364
0.06,0.00017647058823529413
0.0625,0.0001524663677130045
0.08,0.00013879003558718862
0.06896551724137931,0.0007027027027027027
0.06,0.00022727272727272727
0.06666666666666667,0.000576923076923077
0.125,0.00037593984962406017
0.05128205128205128,0.0004838709677419355
0.07894736842105263,0.00040833333333333336
0.1,0.00037313432835820896
0.1,0.00014847161572052403
0.06666666666666667,0.0003546099290780142
0.06666666666666667,0.00045714285714285713
0.08571428571428572,0.0003622047244094488
0.1,0.00034042553191489364
0.1,0.00035114503816793894
0.06060606060606061,0.00044954128440366975
0.10810810810810811,0.00043243243243243243
0.05714285714285714,0.00048314606741573033
0.06521739130434782,0.00015075376884422112
0.11764705882352941,0.0006134969325153375
0.06896551724137931,0.00037606837606837606
0.07894736842105263,0.00034782608695652176
0.06666666666666667,0.0003548387096774194
0.10810810810810811,0.0003484848484848485
0.058823529411764705,0.00034285714285714285
0.08571428571428572,0.00042608695652173915
0.13793103448275862,0.0004509803921568627
0.05263157894736842,0.0004298245614035088
0.0625,0.0003172413793103448
0.1,0.00025954198473282443
0.06666666666666667,0.0005053763440860215
0.0967741935483871,0.00046391752577319587
0.10256410256410256,0.0004210526315789474
0.05,0.00038211382113821136
0.1111111111111111,0.00033793103448275864
0.05405405405405406,0.00033582089552238804
0.07894736842105263,0.0003333333333333333
0.08,0.00015350877192982457
0.044444444444444446,0.0005483870967741936
0.10416666666666667,0.00025161290322580645
0.06666666666666667,0.00037984496124031006
0.05405405405405406,0.0003448275862068965
0.07692307692307693,0.0003488372093023256
0.046511627906976744,0.000235
0.09090909090909091,0.0003333333333333333
0.045454545454545456,0.00032608695652173916
0.1,0.00037398373983739836
0.04,0.00014912280701754387
0.06976744186046512,0.00012554112554112555
0.0851063829787234,0.00016101694915254236
0.04081632653061224,0.0002072538860103627
0.06,0.00019553072625698323
0.075,0.0006666666666666666
0.08823529411764706,0.00045454545454545455
0.05128205128205128,0.00046
0.10344827586206896,0.0003981481481481481
0.07894736842105263,0.0005949367088607595
0.04878048780487805,0.00047252747252747254
0.08,0.00017676767676767677
0.041666666666666664,0.00017682926829268292
0.08163265306122448,0.00017543859649122806
0.06,0.00021393034825870647
0.08,0.00019095477386934674
0.06666666666666667,0.0005977011494252873
0.05405405405405406,0.0005384615384615384
0.1,0.00044102564102564104
0.07894736842105263,0.0005263157894736842
0.1,0.0001532567049808429
0.11764705882352941,0.00065
0.06451612903225806,0.00045161290322580643
0.06896551724137931,0.00032478632478632476
0.0625,0.0002898550724637681
0.04081632653061224,0.0004995102840352595
0.2,0.00017266187050359714
0.14285714285714285,0.00021428571428571427
0.061224489795918366,0.00017272727272727272
0.05263157894736842,0.0005204081632653061
0.08163265306122448,0.0002105263157894737
0.08,0.00012452830188679244
0.08333333333333333,0.00022033898305084745
0.06896551724137931,0.0006296296296296296
0.06,0.00024203821656050954
0.06818181818181818,0.0001915492957746479
0.06,0.0002484472049689441
0.0625,0.00032903225806451614
0.0625,0.00019662921348314607
0.04878048780487805,0.0002484472049689441
0.05714285714285714,0.0005125628140703518
0.08333333333333333,0.0002
0.04,0.00024365482233502537
0.08333333333333333,0.00020121951219512194
0.1,0.0006375
0.1,0.0001823529411764706
0.0851063829787234,0.0002147239263803681
0.043478260869565216,0.0002185792349726776
0.06382978723404255,0.0002375
0.0625,0.0001818181818181818
0.058823529411764705,0.00052
0.06,0.00027672955974842765
0.0625,0.0002786377708978328
0.05,0.0002280701754385965
0.10344827586206896,0.0002777777777777778
0.046511627906976744,0.0006666666666666666
0.06451612903225806,0.00028758169934640525
0.045454545454545456,0.0001741573033707865
0.0625,0.00011956521739130435
0.06666666666666667,0.0003475177304964539
0.08,0.00018974358974358974
0.08695652173913043,0.00023369565217391304
0.058823529411764705,0.0005172413793103448
0.08333333333333333,0.00022448979591836734
0.06382978723404255,0.00021428571428571427
0.09090909090909091,0.0006071428571428571
0.06896551724137931,0.0004380952380952381
0.06,0.00020454545454545454
0.08333333333333333,0.00023880597014925374
0.12,0.0001574468085106383
0.07692307692307693,0.0005473684210526316
0.0625,0.00019373219373219373
0.04878048780487805,0.00015
0.08333333333333333,0.00022151898734177215
0.04,0.00025333333333333333
0.05263157894736842,0.0003611111111111111
0.06818181818181818,0.0002074688796680498
0.08333333333333333,0.00023036649214659686
0.15625,0.00024390243902439024
0.16363636363636364,0.00018448182311448725
0.13793103448275862,0.0008571428571428571
0.1568627450980392,0.000576923076923077
0.14705882352941177,0.0006257668711656442
0.125,0.0003983739837398374
0.06521739130434782,0.0003401360544217687
0.08108108108108109,0.000415929203539823
0.21875,0.00045871559633027525
0.16666666666666666,0.0005972222222222222
0.0975609756097561,0.0005714285714285715
0.075,0.00042708333333333335
0.06,0.00044444444444444447
0.07692307692307693,0.0003858267716535433
0.1,0.0003435114503816794
0.10204081632653061,0.00019583333333333334
0.16279069767441862,0.0006329113924050633
0.14,0.00018633540372670808
0.12,0.00015217391304347825
0.16666666666666666,0.0006282051282051282
0.07407407407407407,0.0004823529411764706
0.16216216216216217,0.00033582089552238804
0.05357142857142857,0.0003333333333333333
0.08,0.00015350877192982457
0.13333333333333333,0.0005483870967741936
0.10416666666666667,0.00025161290322580645
0.2,0.00037984496124031006
0.10810810810810811,0.0003448275862068965
0.07692307692307693,0.0003488372093023256
0.04,0.000235
0.09090909090909091,0.0003333333333333333
0.13636363636363635,0.00032608695652173916
0.1,0.00037398373983739836
0.1,0.0004047619047619048
0.06976744186046512,0.0003717948717948718
0.0851063829787234,0.00047204968944099376
0.14285714285714285,0.000425531914893617
0.06,0.0003664921465968586
0.075,0.00026
0.08823529411764706,0.00036437246963562755
0.14,0.00045771144278606966
0.10344827586206896,0.0003981481481481481
0.07894736842105263,0.00032413793103448275
0.04878048780487805,0.0002774193548387097
0.08,0.00017676767676767677
0.125,0.00017682926829268292
0.08163265306122448,0.0005357142857142857
0.06,0.0005695364238410596
0.08,0.0004318181818181818
0.16666666666666666,0.0005306122448979592
0.05405405405405406,0.0005384615384615384
0.1,0.00044102564102564104
0.07894736842105263,0.0005263157894736842
0.1,0.0001532567049808429
0.11764705882352941,0.00065
0.07894736842105263,0.00044943820224719103
0.06666666666666667,0.0003548387096774194
0.10810810810810811,0.0003484848484848485
0.058823529411764705,0.00034285714285714285
0.08571428571428572,0.00042608695652173915
0.13793103448275862,0.0004509803921568627
0.05263157894736842,0.0004298245614035088
0.1875,0.0003172413793103448
0.1,0.00025954198473282443
0.06666666666666667,0.0005053763440860215
0.22580645161290322,0.00025
0.10256410256410256,0.0004210526315789474
0.15,0.00038211382113821136
0.1111111111111111,0.00033793103448275864
0.05405405405405406,0.00033582089552238804
0.07894736842105263,0.0003333333333333333
0.08,0.0004375
0.13333333333333333,0.0005483870967741936
0.10416666666666667,0.00025161290322580645
0.13333333333333333,0.00037984496124031006
0.13513513513513514,0.0006666666666666666
0.07692307692307693,0.0003488372093023256
0.13953488372093023,0.000235
0.09090909090909091,0.0003333333333333333
0.09090909090909091,0.00032608695652173916
0.1,0.00037398373983739836
0.12,0.00014912280701754387
0.075,0.0005360824742268041
0.08823529411764706,0.00045454545454545455
0.05128205128205128,0.00046
0.10344827586206896,0.0003981481481481481
0.07894736842105263,0.0005949367088607595
0.08,0.00017676767676767677
0.041666666666666664,0.00017682926829268292
0.08163265306122448,0.00017543859649122806
0.06,0.00021393034825870647
0.08,0.00019095477386934674
0.06666666666666667,0.0005977011494252873
0.05405405405405406,0.0005384615384615384
0.2,0.00044102564102564104
0.07894736842105263,0.0005263157894736842
0.1,0.0001532567049808429
0.11764705882352941,0.00065
0.22580645161290322,0.00045161290322580643
0.21875,0.0002898550724637681
0.10204081632653061,0.0004995102840352595
0.2,0.00017266187050359714
0.14285714285714285,0.00021428571428571427
0.061224489795918366,0.00017272727272727272
0.21052631578947367,0.0005204081632653061
0.08163265306122448,0.0002105263157894737
0.08,0.00012452830188679244
0.08333333333333333,0.0005131578947368421
0.20689655172413793,0.0006296296296296296
0.1,0.0004222222222222222
0.13636363636363635,0.0001915492957746479
0.1,0.00040404040404040404
0.0625,0.00032903225806451614
0.0625,0.00019662921348314607
0.04878048780487805,0.0002484472049689441
0.17142857142857143,0.0005125628140703518
0.125,0.0002
0.12,0.00024365482233502537
0.08333333333333333,0.00020121951219512194
0.1,0.0006375
0.1,0.0001823529411764706
0.0851063829787234,0.0002147239263803681
0.17391304347826086,0.0002185792349726776
0.06382978723404255,0.0004871794871794872
0.0625,0.00038202247191011237
0.14705882352941177,0.00052
0.06,0.00027672955974842765
0.0625,0.0002786377708978328
0.05,0.0002280701754385965
0.13953488372093023,0.0006666666666666666
0.16129032258064516,0.00028758169934640525
0.1590909090909091,0.0001741573033707865
0.0625,0.00011956521739130435
0.23333333333333334,0.0003475177304964539
0.08695652173913043,0.00023369565217391304
0.17647058823529413,0.0005172413793103448
0.14583333333333334,0.0005569620253164557
0.14893617021276595,0.00021428571428571427
0.20689655172413793,0.0004380952380952381
0.12,0.00020454545454545454
0.08333333333333333,0.00040816326530612246
0.12,0.0001574468085106383
0.07692307692307693,0.0005473684210526316
0.0625,0.0003798882681564246
0.14634146341463414,0.00015
0.08333333333333333,0.00022151898734177215
0.12,0.0005588235294117647
0.05263157894736842,0.0003611111111111111
0.13636363636363635,0.0002074688796680498
0.08333333333333333,0.0004997160704145371
0.07317073170731707,0.00042
0.15625,0.00024390243902439024
0.16363636363636364,0.00018448182311448725
0.13793103448275862,0.0006741573033707865
0.22857142857142856,0.0006547619047619047
0.1568627450980392,0.00042857142857142855
0.14705882352941177,0.0005125628140703518
0.125,0.0003983739837398374
0.17391304347826086,0.0003401360544217687
0.08108108108108109,0.000415929203539823
0.21875,0.00045871559633027525
0.16666666666666666,0.0005972222222222222
0.1951219512195122,0.0005714285714285715
0.075,0.00042708333333333335
0.16,0.00044444444444444447
0.1282051282051282,0.0003858267716535433
0.1,0.0003435114503816794
0.10204081632653061,0.00019583333333333334
0.16279069767441862,0.0006180469715698393
0.14,0.00018633540372670808
0.12,0.00015217391304347825
0.16666666666666666,0.000550561797752809
0.1111111111111111,0.0004823529411764706
0.0625,0.00041709053916581893
0.10204081632653061,0.00027544910179640717
0.13043478260869565,0.000569584203531422
0.13636363636363635,0.0005555555555555556
0.07142857142857142,0.0004673913043478261
0.075,0.00046666666666666666
0.14583333333333334,0.0002542372881355932
0.13333333333333333,0.00043298969072164947
0.061224489795918366,0.00042857142857142855
0.1951219512195122,0.0002272706611758075
0.10869565217391304,0.000275
0.10204081632653061,0.00029559748427672954
0.0625,0.0002764705882352941
0.0851063829787234,0.000275
0.04878048780487805,0.00034090909090909094
0.07142857142857142,0.0004897061762942235
0.06521739130434782,0.00043877551020408165
0.08333333333333333,0.00022459893048128342
0.06521739130434782,0.0002631578947368421
0.04878048780487805,0.0003333333333333333
0.04878048780487805,0.00035833333333333333
0.045454545454545456,0.0003380281690140845
0.06382978723404255,0.00022164948453608249
0.04878048780487805,0.0005662650602409638
0.047619047619047616,0.0004631578947368421
0.05,0.00047252747252747254
0.047619047619047616,0.0004886363636363636
0.16279069767441862,0.0004054054054054054
0.1951219512195122,0.0005339265850945495
0.16326530612244897,0.00045
0.07317073170731707,0.00040952380952380955
0.0851063829787234,0.00028125
0.04878048780487805,0.0005054945054945055
0.07142857142857142,0.0003120567375886525
0.06818181818181818,0.0005333333333333334
0.08888888888888889,0.00022527472527472529
0.07142857142857142,0.0003692307692307692
0.08695652173913043,0.0003333333333333333
0.07317073170731707,0.0005487804878048781
0.06382978723404255,0.00048484848484848484
0.0625,0.00022395833333333333
0.0851063829787234,0.00024193548387096774
0.08163265306122448,0.0002690058479532164
0.07317073170731707,0.000625
0.08333333333333333,0.00025925925925925926
0.06666666666666667,0.0005454545454545455
0.08333333333333333,0.00023036649214659686
0.07317073170731707,0.0005185185185185185
0.15625,0.00024390243902439024
0.16363636363636364,0.0002
0.13793103448275862,0.0008571428571428571
0.05714285714285714,0.0006547619047619047
0.08163265306122448,0.00023195876288659793
0.20588235294117646,0.0006257668711656442
0.1,0.0003983739837398374
0.13043478260869565,0.0003401360544217687
0.16216216216216217,0.0005802469135802469
0.15625,0.00045871559633027525
0.06666666666666667,0.0005972222222222222
0.04878048780487805,0.0005714285714285715
0.075,0.0004606741573033708
0.16666666666666666,0.00044444444444444447
0.07692307692307693,0.0003858267716535433
0.1,0.0003435114503816794
0.10204081632653061,0.00019583333333333334
0.13953488372093023,0.0006329113924050633
0.14,0.00018633540372670808
0.1,0.00035
0.16666666666666666,0.0005355191256830601
0.08823529411764706,0.0003979423468892556
0.07692307692307693,0.0005487804878048781
0.17073170731707318,0.0005555555555555556
0.21052631578947367,0.0003565891472868217
0.14285714285714285,0.0001752577319587629
0.12195121951219512,0.0004975124378109452
0.09375,0.00035294117647058826
0.10344827586206896,0.00046666666666666666
0.2,0.0005368421052631579
0.2647058823529412,0.00030821917808219177
0.10256410256410256,0.00046728971962616824
0.0967741935483871,0.0006153846153846154
0.09302325581395349,0.00042727272727272726
0.044444444444444446,0.0004
0.08,0.00012
0.1,0.00041176470588235296
0.1,0.000366412213740458
0.10204081632653061,0.00035374149659863946
0.08333333333333333,0.00039165221283500254
0.06666666666666667,0.0001500741645580665
0.09090909090909091,0.00017087877023082583
0.061224489795918366,0.0003347532450142689
0.06666666666666667,0.00037112636852848393
0.041666666666666664,0.0004437335534802126
0.043478260869565216,0.0004171465363234881
0.04081632653061224,0.00020468734008801556
0.061224489795918366,0.0002500816593173281
0.08333333333333333,0.00017698667543172107
0.06976744186046512,0.00016209299999655122
0.04878048780487805,0.0003207359183283517
0.0425531914893617,0.00021671994365281464
0.09302325581395349,0.0002011122740052125
0.041666666666666664,0.00023653072880309682
0.046511627906976744,0.0002336773859952668
0.0425531914893617,0.00014524750174297002
0.08333333333333333,0.00022488791490624089
0.0625,0.0005146173218000657
0.04081632653061224,0.00014060935292261684
0.09302325581395349,0.0002818692519976664
0.05,0.00017827077349707833
0.09523809523809523,0.000211376457066359
0.041666666666666664,0.000287396735906859
0.09302325581395349,0.00033336879809908856
0.045454545454545456,0.00047401178846708707
0.06521739130434782,0.0001924896937809788
0.045454545454545456,0.00020266529579247074
0.09302325581395349,0.0001941550096615231
0.04878048780487805,0.0004743970800375645
0.07317073170731707,0.0004156092212190614
0.046511627906976744,0.00028855032317636197
0.08163265306122448,0.00042107795957651586
0.08163265306122448,0.00023922491128742872
0.0625,0.0003249013692271989
0.0851063829787234,0.00025191425541762114
0.047619047619047616,0.0001727229964132416
0.041666666666666664,0.0003527717782577394
0.045454545454545456,0.00043981820847383083
0.09523809523809523,0.00021375568742811193
0.045454545454545456,0.00018342322372169625
0.04081632653061224,0.00018612127493073327
0.046511627906976744,0.00037151702786377707
0.06382978723404255,0.0002755921011929201
0.09090909090909091,0.0001895590855669712
0.08163265306122448,0.0001445096649440197
0.0851063829787234,0.00028527787848351034
0.0625,0.00034356211446864995
0.09302325581395349,0.0005753469694479017
0.06521739130434782,0.00018790703643104957
0.07317073170731707,0.00020376612963955544
0.08888888888888889,0.0001531948601256198
0.0425531914893617,0.00014676719650762336
0.043478260869565216,0.00027477614704107903
0.08695652173913043,0.0003654473755779168
0.0851063829787234,0.0002191248344654783
0.06521739130434782,0.0005658543786057841
0.09090909090909091,0.00017129520587542556
0.06521739130434782,0.000348264867040213
0.08163265306122448,0.0001625999735775043
0.047619047619047616,0.00026404595687678714
0.045454545454545456,0.0004537646258062425
0.08695652173913043,0.00033739353168400684
0.0625,0.00023369822123785698
0.04878048780487805,0.0001919109533176606
0.06976744186046512,0.00042261688305306297
0.08695652173913043,0.0001405575214086675
0.1,0.0001472900346302849
0.04878048780487805,0.00018656639068660578
0.08333333333333333,0.0005497457425940503
0.04081632653061224,0.00021704450497574528
0.06521739130434782,0.00024178085657896957
0.04081632653061224,0.00024490862187197265
0.043478260869565216,0.00038131405492478776
0.06666666666666667,0.0004528357684807822
0.047619047619047616,0.00037972112574067695
0.04081632653061224,0.00022734807938237106
0.09523809523809523,0.0001575682915299881
0.07317073170731707,0.00026678624745275894
0.044444444444444446,0.00021247775623489416
0.06976744186046512,0.000167701969642521
0.06818181818181818,0.00022300838308785516
0.047619047619047616,0.0001888677170509775
0.08888888888888889,0.0002617252931323283
0.07142857142857142,0.00045372498347849246
0.0425531914893617,0.00021048406439833374
0.0625,0.0001739263231126873
0.09302325581395349,0.0005322108522631057
0.08333333333333333,0.00021638330757341577
0.08695652173913043,0.00023763129128843687
0.047619047619047616,0.0004571095117681385
0.043478260869565216,0.0001553466256011239
0.1,0.00017741131546266336
0.047619047619047616,0.00037966298851317514
0.08888888888888889,0.00019235460806575714
0.046511627906976744,0.00017758384494393425
0.08695652173913043,0.00023016725487187356
0.07142857142857142,0.00016324113372865527
0.1,0.00034026625834715664
0.08333333333333333,0.0001765059336037254
0.044444444444444446,0.00040923082397736774
0.0425531914893617,0.00016138260882322735
0.047619047619047616,0.00040744374781726564
0.0425531914893617,0.00025682932523931826
0.04878048780487805,0.00015450084471657491
0.046511627906976744,0.00018780304582394317
0.07142857142857142,0.0001683447413759138
0.08163265306122448,0.00015399989048896676
0.1,0.0003989699321751115
0.08695652173913043,0.00020757385088413487
0.061224489795918366,0.00024029022370433754
0.0975609756097561,0.00017745835274284065
0.06976744186046512,0.00019453078760135262
0.0625,0.0002484868923164303
0.06666666666666667,0.00016027204437445123
0.0851063829787234,0.00020018629581814912
0.07317073170731707,0.00015950857782830768
0.08695652173913043,0.00037032160373942527
0.08888888888888889,0.000512675643721816
0.041666666666666664,0.0005051833920959849
0.043478260869565216,0.00026884234149990646
0.075,0.00025204205501718
0.06382978723404255,0.0002562012344241295
0.08163265306122448,0.00020231761282435388
0.07142857142857142,0.0002795962902345881
0.07317073170731707,0.00028188001715791406
0.09523809523809523,0.0002052349223925619
0.06666666666666667,0.0001869333582577811
0.07142857142857142,0.00015782766008656847
0.08163265306122448,0.0002142344843003381
0.09090909090909091,0.0002694497835420072
0.044444444444444446,0.00019833064672670036
0.0851063829787234,0.00014779235174579715
0.043478260869565216,0.00031316547663785545
0.06382978723404255,0.00042159404709205504
0.09523809523809523,0.00022974751705157352
0.09302325581395349,0.0005496662740478995
0.08888888888888889,0.00026693874645564663
0.06521739130434782,0.0004988495917577831
0.041666666666666664,0.0005313881307214801
0.075,0.0003841757988455517
0.06382978723404255,0.0003134577876845918
0.0851063829787234,0.0003276229860286998
0.044444444444444446,0.00020689553253432248
0.06976744186046512,0.00017203639850950592
0.09523809523809523,0.0002637809035814852
0.07142857142857142,0.00030369290573372206
0.06666666666666667,0.00017093302843945742
0.0851063829787234,0.00018225369714642783
0.08695652173913043,0.00019039912416402884
0.05,0.0003034696698924369
0.06666666666666667,0.00020483618226323498
0.08695652173913043,0.0001771507080123297
0.08695652173913043,0.00017128804531792285
0.041666666666666664,0.0004497091243110839
0.04081632653061224,0.00024714818455927985
0.09090909090909091,0.0001378820625777741
0.05,0.00016021789633902106
0.0975609756097561,0.0005727237278221875
0.06976744186046512,0.00023916088694523216
0.045454545454545456,0.00017133784396072176
0.0625,0.00022262812501581166
0.075,0.0004090500040905
0.07142857142857142,0.0003241769874034085
0.09090909090909091,0.00014055653359476848
0.07142857142857142,0.0005057167985927881
0.06976744186046512,0.000237872232876916
0.07142857142857142,0.00029513389000863807
0.09302325581395349,0.00048329667511613913
0.075,0.00019434972349334793
0.06382978723404255,0.0003403723256460128
0.046511627906976744,0.00021182892105185374
0.08695652173913043,0.00015909436417053501
0.07317073170731707,0.00039954540611570835
0.04878048780487805,0.00020370747606437156
0.08888888888888889,0.00014327248329652512
0.0975609756097561,0.00033738191632928474
0.08888888888888889,0.000330310987795009
0.0975609756097561,0.00017049632189705574
0.09302325581395349,0.0001837743251287419
0.08695652173913043,0.0002756785588004387
0.06382978723404255,0.0003890726176249896
0.07142857142857142,0.00017956929023100308
0.0625,0.0001415007570290501
0.07317073170731707,0.00018017708833825246
0.0425531914893617,0.0002735496981183689
0.06382978723404255,0.00018995030369961348
0.09302325581395349,0.0002193843971775942
0.075,0.00014331291692969137
0.075,0.00021936205931729155
0.0975609756097561,0.0003595993909763506
0.0625,0.0003601229015178797
0.07317073170731707,0.0002489667878305034
0.07317073170731707,0.0002005650702849768
0.044444444444444446,0.00034330595259028526
0.06521739130434782,0.0002257591150242691
0.08695652173913043,0.00022882048488150368
0.08333333333333333,0.000197212425300061
0.06666666666666667,0.00020667514800236988
0.06382978723404255,0.0003102208265802269
0.06666666666666667,0.0003012749407720855
0.0975609756097561,0.00023004740046437476
0.1,0.00040798611111111114
0.045454545454545456,0.00029164010254879885
0.041666666666666664,0.00017965630648632594
0.0425531914893617,0.00023966797217513298
0.09302325581395349,0.0003039777661976724
0.045454545454545456,0.00035068031982045167
0.06818181818181818,0.00016037890369076217
0.06666666666666667,0.0001889310522253666
0.09523809523809523,0.000319476059262809
0.045454545454545456,0.0001840264998159735
0.07317073170731707,0.00042894656999675675
0.08163265306122448,0.0002888397246804326
0.05,0.00017274594704210118
0.075,0.00019921585249549646
0.04081632653061224,0.00019338708266376892
0.08695652173913043,0.00032914272630351255
0.04878048780487805,0.0005654346346022917
0.09302325581395349,0.0005908564957285999
0.045454545454545456,0.00020867491429423163
0.06521739130434782,0.00024597035304275365
0.0975609756097561,0.00047336531178995204
0.08888888888888889,0.00016929067208396818
0.1,0.00016870761735466455
0.043478260869565216,0.0002030531814741661
0.041666666666666664,0.00024472996273430114
0.06818181818181818,0.00025138672568789794
0.09090909090909091,0.00032995863445411965
0.09302325581395349,0.00021341548282933256
0.047619047619047616,0.00018878043548214095
0.041666666666666664,0.00018856618463562727
0.06818181818181818,0.00044903886574693315
0.06382978723404255,0.0003115878900412695
0.041666666666666664,0.00022373459873459875
0.09090909090909091,0.0002605110547299746
0.061224489795918366,0.0002426124508709787
0.041666666666666664,0.00025586799300279366
0.04878048780487805,0.00016864238764715078
0.08333333333333333,0.00016663771188694162
0.046511627906976744,0.0001699459294481613
0.044444444444444446,0.0005620806351511177
0.06666666666666667,0.0002445463387522579
0.044444444444444446,0.00029972902049779486
0.04878048780487805,0.00018430809455433875
0.06521739130434782,0.000152849107361213
0.08888888888888889,0.0003349773355760185
0.1,0.00014957371491249938
0.07317073170731707,0.000178642390745595
0.06521739130434782,0.0004930358683594232
0.1,0.00021048200378867606
0.1,0.0004571015509561927
0.1,0.00024166701909773618
0.0851063829787234,0.00025231286795626576
0.09302325581395349,0.00051145911980321
0.06976744186046512,0.00020780692847191065
0.04878048780487805,0.00031599348351216226
0.1,0.0003566387931950283
0.08163265306122448,0.00027903342820469895
0.041666666666666664,0.0004235664293350007
0.043478260869565216,0.00040508790407518434
0.046511627906976744,0.00023793378302818327
0.044444444444444446,0.0001627598006003187
0.04878048780487805,0.0004505677153213048
0.043478260869565216,0.0002814436837307196
0.07317073170731707,0.0004055586363297771
0.04081632653061224,0.00021464162514373323
0.0425531914893617,0.0003414377374059268
0.06382978723404255,0.0002270450092051944
0.05,0.00017104323545384184
0.0851063829787234,0.00014867192457619437
0.0975609756097561,0.00017183828299187636
0.044444444444444446,0.0003213260053152677
0.075,0.0002502606882168926
0.09090909090909091,0.00021821114299945448
0.06521739130434782,0.00019161208329259948
0.08163265306122448,0.00025923045587527313
0.05,0.00024364312926375477
0.07317073170731707,0.00025054478925104587
0.06521739130434782,0.0002767466624954126
0.06666666666666667,0.0001972678404103171
0.09523809523809523,0.00014416112290966372
0.08163265306122448,0.0003075936360840058
0.0975609756097561,0.0003375883532018145
0.04081632653061224,0.000169324602173575
0.09302325581395349,0.00040316608797248595
0.047619047619047616,0.0004783592278484797
0.06521739130434782,0.0001681133564346245
0.06382978723404255,0.0001823197412645063
0.04878048780487805,0.0002399688040554728
0.08163265306122448,0.0003606148483163794
0.043478260869565216,0.00021613610399234262
0.06382978723404255,0.0002667047082684662
0.06666666666666667,0.00015521425245408876
0.044444444444444446,0.0002075391783142736
0.08163265306122448,0.00034388177017235025
0.1,0.0001817145594660896
0.046511627906976744,0.0002204419861822955
0.05,0.0002752798678656634
0.09302325581395349,0.0004558517490833416
0.07317073170731707,0.0002108032060418032
0.045454545454545456,0.00031758634378721714
0.08163265306122448,0.00015367604340411176
0.08333333333333333,0.0004988308651597817
0.061224489795918366,0.00016432200405774744
0.07142857142857142,0.0003629635531476022
0.06382978723404255,0.0003483187813486903
0.07142857142857142,0.0002504523796106718
0.06666666666666667,0.00018993953591440058
0.046511627906976744,0.00014513274336283187
0.0851063829787234,0.0005033014176323263
0.044444444444444446,0.00017448754198606478
0.0425531914893617,0.0002659964280479662
0.05,0.0001557088037757655
0.044444444444444446,0.0001997819047539769
0.05,0.0002718522011706289
0.075,0.00024284318542489087
0.06382978723404255,0.00019391854577953147
0.08695652173913043,0.0004330754128652269
0.047619047619047616,0.00022180506040130486
0.08888888888888889,0.00024389029913891793
0.0625,0.0001931025415581321
0.06521739130434782,0.00017571872779641076
0.07142857142857142,0.0004892992383950985
0.044444444444444446,0.0001910872048820748
0.046511627906976744,0.00041062702747094815
0.07142857142857142,0.0002104930800399937
0.08333333333333333,0.00044908606208853686
0.08163265306122448,0.000502008032128514
0.07317073170731707,0.00019996455173855544
0.1,0.00015876769246360166
0.07317073170731707,0.00019397273801336648
0.08695652173913043,0.0005110927998498013
0.061224489795918366,0.0002464395220219503
0.1,0.0002376137245687311
0.044444444444444446,0.00016787357593608596
0.06521739130434782,0.00016494608772980396
0.0625,0.0006004386878576593
0.0851063829787234,0.000199483943710835
0.06666666666666667,0.0003347684258877202
0.07142857142857142,0.00033909538599073653
0.06382978723404255,0.0002814994537570124
0.043478260869565216,0.00020597322348094748
0.047619047619047616,0.0001467997651203758
0.08333333333333333,0.00014869362033562275
0.04878048780487805,0.0005733542393110389
0.09523809523809523,0.000223540887660543
0.04878048780487805,0.00018116911725347617
0.1,0.00016377217154778942
0.046511627906976744,0.00033472151948001403
0.045454545454545456,0.00015798310682964644
0.08888888888888889,0.0002823081040070106
0.06818181818181818,0.00034475361608237316
0.075,0.00036995612148326594
0.047619047619047616,0.0003197080519642551
0.1,0.0001624812695203192
0.06818181818181818,0.00021059335963182117
0.09090909090909091,0.0005380091217001089
0.06666666666666667,0.00041516745087185166
0.0851063829787234,0.00019590959000223245
0.04081632653061224,0.00027613049138078396
0.1,0.0004721532239853838
0.06976744186046512,0.0003702031602708804
0.04081632653061224,0.0003256433264827626
0.1,0.00047319306276961
0.0625,0.00025827780360555814
0.043478260869565216,0.00020489850376441437
0.08695652173913043,0.00016592194722910348
0.06818181818181818,0.00029297540369285275
0.08695652173913043,0.00023511202108171121
0.0975609756097561,0.0002813214770600683
0.046511627906976744,0.000140351346203329
0.043478260869565216,0.00024324840874999276
0.07142857142857142,0.00018308162999609425
0.04878048780487805,0.00019637706141365302
0.061224489795918366,0.00018825795718225996
0.0975609756097561,0.0002239192397941809
0.1,0.00015079465275147637
0.06818181818181818,0.00024895232562964194
0.08888888888888889,0.00022620744801174174
0.044444444444444446,0.0002287027533580258
0.08333333333333333,0.0003168641271166137
0.046511627906976744,0.0002535175560907593
0.075,0.0002871068972424384
0.06666666666666667,0.0004310344827586207
0.09090909090909091,0.000471253534401508
0.08163265306122448,0.00016956497164496862
0.044444444444444446,0.000382905234861568
0.047619047619047616,0.00033375246433505645
0.0975609756097561,0.0004620551310658823
0.08888888888888889,0.00026177031524625107
0.075,0.00026766446029365023
0.06521739130434782,0.0002194662044439667
0.06521739130434782,0.00030894254340306927
0.08163265306122448,0.0002145451642517862
0.08695652173913043,0.00015677316043493354
0.08163265306122448,0.0002703373700035861
0.075,0.0003041869156171011
0.09302325581395349,0.0001690158698859495
0.043478260869565216,0.00015091233365345042
0.08333333333333333,0.00014210937685038251
0.09090909090909091,0.00016834115099436056
0.0975609756097561,0.0004287626537270978
0.08695652173913043,0.00015448565259410153
0.08163265306122448,0.0004697311029094569
0.05,0.0004208495001129108
0.043478260869565216,0.0001638630105232026
0.08888888888888889,0.00030786765621008364
0.06521739130434782,0.0002207310612749426
0.08163265306122448,0.00017739795760960108
0.09523809523809523,0.00015213648025337638
0.09523809523809523,0.00041687732276061485
0.06521739130434782,0.00017643841417153342
0.07317073170731707,0.0005104985128956363
0.075,0.00015454539068372286
0.041666666666666664,0.00037011533826820453
0.0625,0.0004651962420234014
0.043478260869565216,0.00039389067524115757
0.043478260869565216,0.000159489012763011
0.07142857142857142,0.00031261967471922844
0.061224489795918366,0.0001832911763627699
0.07317073170731707,0.00029572237583356745
0.043478260869565216,0.00019047536590750688
0.08333333333333333,0.00030036841105110556
0.075,0.00020702536060667433
0.06976744186046512,0.00021014217912314331
0.06666666666666667,0.00020465357162248517
0.043478260869565216,0.00031230065915373165
0.04081632653061224,0.00017577709828801283
0.08695652173913043,0.0001424390310076205
0.061224489795918366,0.00034523088195922047
0.04878048780487805,0.0002958095741600896
0.09302325581395349,0.000369765784940612
0.06818181818181818,0.00042679023260067675
0.05,0.00015760559574915192
0.075,0.0002750166974423447
0.061224489795918366,0.00014334143212424837
0.047619047619047616,0.00018615888039912463
0.04081632653061224,0.00013766935849436732
0.047619047619047616,0.0003101953455188405
0.06382978723404255,0.00046196142058770506
0.0625,0.00022803399226711395
0.1,0.00019152651083238312
0.07317073170731707,0.0003603921066119938
0.04081632653061224,0.0001840751947170419
0.07317073170731707,0.000322294208570395
0.09302325581395349,0.00029398530073496327
0.0975609756097561,0.0001613041613041613
0.043478260869565216,0.00039084255884623277
0.041666666666666664,0.0004715419421508332
0.08695652173913043,0.00017710477961523986
0.08888888888888889,0.00016931933626820184
0.08163265306122448,0.0002799616052655636
0.05,0.00041306796845662786
0.08163265306122448,0.0004698070658982711
0.08333333333333333,0.00022791041601247935
0.045454545454545456,0.0004065075076855326
0.06818181818181818,0.0003461600386411206
0.06666666666666667,0.00017705764737889905
0.08333333333333333,0.000248861974927156
0.06382978723404255,0.00020856330404968892
0.06382978723404255,0.00038067122436295835
0.06382978723404255,0.000506767457083131
0.075,0.00016621464391553052
0.1,0.0003328211192703428
0.06382978723404255,0.0002656806960834237
0.06818181818181818,0.00020596543143452822
0.041666666666666664,0.00018052578133814735
0.0975609756097561,0.00021881251786224636
0.041666666666666664,0.0002850728717528418
0.0425531914893617,0.00046497385939644125
0.08333333333333333,0.0001671935206678409
0.06976744186046512,0.00022736484148716378
0.05,0.00015339603864083628
0.1,0.0001520762206017656
0.06818181818181818,0.00021972847838028721
0.0975609756097561,0.00019289777315221877
0.0425531914893617,0.00016479547829257858
0.061224489795918366,0.0004817058810935794
0.06818181818181818,0.0001667168172539707
0.09090909090909091,0.00016015161019098078
0.07317073170731707,0.0001428437045992189
0.043478260869565216,0.00026178789230998066
0.0425531914893617,0.00016861290398475424
0.04081632653061224,0.000316745508755259
0.1,0.00020990857811502097
0.07317073170731707,0.0004511293613443655
0.061224489795918366,0.0002700364273629565
0.06976744186046512,0.00023466166055124158
0.045454545454545456,0.00013715585588599337
0.07317073170731707,0.00021238618134164803
0.05,0.00020078157902469123
0.0625,0.000542797957307279
0.05,0.00039640941164034217
0.06976744186046512,0.00019980274792545232
0.0975609756097561,0.00021736610248087178
0.09302325581395349,0.00015063564740048414
0.0425531914893617,0.0002102278282976435
0.0425531914893617,0.0001730369914635084
0.0625,0.00019420106584771023
0.06818181818181818,0.0002875321179493454
0.08695652173913043,0.0002602035008212673
0.07142857142857142,0.00021660493426040245
0.04081632653061224,0.000291487876137989
0.046511627906976744,0.0002523089200004694
0.04081632653061224,0.0004332709845818935
0.041666666666666664,0.0003486858418051079
0.04081632653061224,0.00046015798757573434
0.08163265306122448,0.00022944474372019712
0.1,0.0002482019461288958
0.04878048780487805,0.00017098231327140857
0.06818181818181818,0.0002009444388626545
0.047619047619047616,0.00037279988578046053
0.0975609756097561,0.00033414748633575457
0.05,0.0001752127311094013
0.08163265306122448,0.0004312699462350134
0.09523809523809523,0.00032495227263495675
0.05,0.00018988961634041428
0.05,0.00017565766612060045
0.075,0.00019764017629503726
0.0851063829787234,0.0001693073916785417
0.07142857142857142,0.00023143267109303079
0.05,0.00014621551453596187
0.08695652173913043,0.00024338706287130356
0.061224489795918366,0.00016929267159583933
0.07142857142857142,0.0003014614325971558
0.06382978723404255,0.0001880759826970096
0.046511627906976744,0.00021246872725920652
0.046511627906976744,0.00017197778359722804
0.045454545454545456,0.00016648630650129028
0.08888888888888889,0.0003657209731835096
0.043478260869565216,0.00039060683561962335
0.09302325581395349,0.0002166419534364228
0.06382978723404255,0.00024930492702411215
0.06666666666666667,0.00016565452924154897
0.05,0.00020534763444300647
0.075,0.00023776770095616583
0.041666666666666664,0.0001821508705983656
0.08163265306122448,0.00016570237092475732
0.06666666666666667,0.000195897471616633
0.04081632653061224,0.0002701272974889417
0.06382978723404255,0.000165121254040884
0.06521739130434782,0.000353034373493146
0.044444444444444446,0.00016087927838330952
0.06976744186046512,0.00035154790938852636
0.06521739130434782,0.00016055421950153038
0.0625,0.00019490369215385527
0.061224489795918366,0.00026960899954840494
0.08163265306122448,0.0001594553302579468
0.06521739130434782,0.0002847838738035982
0.075,0.0003991150058565789
0.04081632653061224,0.00016471389196964873
0.08333333333333333,0.00015846524722264366
0.046511627906976744,0.00022703308124252683
0.047619047619047616,0.00017925211627243395
0.046511627906976744,0.0002523477351790768
0.09302325581395349,0.0001891365257819476
0.04081632653061224,0.00019744728862562585
0.04878048780487805,0.0002041858090862685
0.05,0.0004723847718574362
0.061224489795918366,0.00014780228085792507
0.05,0.00039285784438900786
0.0851063829787234,0.00027481020919927174
0.0975609756097561,0.0002290771543030188
0.061224489795918366,0.0003217864385724656
0.09090909090909091,0.00023041946583647388
0.09302325581395349,0.00034702225372495164
0.06382978723404255,0.00046949931251886383
0.04878048780487805,0.00014776450770407202
0.061224489795918366,0.00036867330278611684
0.041666666666666664,0.00019013816706806946
0.043478260869565216,0.0001804595155482278
0.08695652173913043,0.0002285750736224365
0.075,0.00023623777606856389
0.0975609756097561,0.00019287798056754347
0.09302325581395349,0.0002731510347079956
0.046511627906976744,0.00021924233926477336
0.09523809523809523,0.000171084307902873
0.06521739130434782,0.00030397600616058036
0.0851063829787234,0.00014321127413706683
0.0975609756097561,0.00031617776216406114
0.046511627906976744,0.00045454545454545455
0.07142857142857142,0.00018713664301813978
0.0975609756097561,0.00014792186973243342
0.044444444444444446,0.00017796257123558606
0.09302325581395349,0.0003179627771575541
0.06666666666666667,0.0004508905087547907
0.0975609756097561,0.0001946443805753191
0.09302325581395349,0.0001907144251068888
0.044444444444444446,0.00020051536715643613
0.09090909090909091,0.00018972393231889107
0.047619047619047616,0.0001667931798609149
0.06382978723404255,0.00021855876108405146
0.08695652173913043,0.0002581488096178871
0.07142857142857142,0.0002677859342527317
0.06666666666666667,0.0001982750074353128
0.09302325581395349,0.00020068512969859893
0.045454545454545456,0.000418156906706525
0.06818181818181818,0.0004953472738208966
0.06521739130434782,0.00015500375715628758
0.09090909090909091,0.0002897211089420351
0.09523809523809523,0.00016898966224109682
0.08163265306122448,0.00017378474808304783
0.09090909090909091,0.00027399251832674446
0.08695652173913043,0.0001906383844032383
0.09090909090909091,0.00022531557919842608
0.045454545454545456,0.0001988626947789073
0.0625,0.0003221580292519491
0.047619047619047616,0.0003430914937246172
0.044444444444444446,0.0003925810898051053
0.1,0.00015409804488105558
0.061224489795918366,0.00020534655374003125
0.045454545454545456,0.00043317233761451995
0.0851063829787234,0.00036077205219169024
0.09090909090909091,0.00016342937416981355
0.0625,0.00017848937228705648
0.044444444444444446,0.0003241271181330278
0.0425531914893617,0.0005065685049474857
0.04081632653061224,0.0003341438098081872
0.0851063829787234,0.00019123240973622398
0.07142857142857142,0.00021717679607570972
0.06521739130434782,0.0002457634384019661
0.043478260869565216,0.000186249364618053
0.08163265306122448,0.000340150221444736
0.044444444444444446,0.0005535123433252562
0.06521739130434782,0.0001530874457359679
0.0975609756097561,0.0003016281062553556
0.041666666666666664,0.0001803337814354569
0.04081632653061224,0.0001654707643245032
0.08163265306122448,0.0001854387203939192
0.075,0.00024705846020814674
0.1,0.0001621386082427215
0.047619047619047616,0.00025177642253678735
0.047619047619047616,0.00033015891649180475
0.05,0.00020375157589109478
0.043478260869565216,0.00021389310319098665
0.06976744186046512,0.00017774828472905235
0.061224489795918366,0.00016374963822754344
0.04878048780487805,0.0002107204003687607
0.061224489795918366,0.00023512934669822172
0.06818181818181818,0.00017627104010705768
0.06666666666666667,0.0002948538180293281
0.041666666666666664,0.0004548383428723041
0.09302325581395349,0.00024442472515502373
0.0975609756097561,0.00021815422555249928
0.09090909090909091,0.00029226218056100083
0.047619047619047616,0.00048550563388829326
0.07317073170731707,0.00022408707383440423
0.075,0.0005363428124476227
0.04081632653061224,0.0005123125789815226
0.04878048780487805,0.00014594481895892697
0.08888888888888889,0.0001741007695254013
0.0851063829787234,0.0001613217881957471
0.047619047619047616,0.0003806209559023435
0.08333333333333333,0.0002120654646089248
0.0625,0.0004061424206088268
0.04878048780487805,0.0001435865242377392
0.0425531914893617,0.00023637927305829515
0.061224489795918366,0.00019844879194297904
0.06818181818181818,0.00028924424610553284
0.06976744186046512,0.0004948644071524403
0.08163265306122448,0.00044254581252314336
0.045454545454545456,0.00021157101092475765
0.09302325581395349,0.0001944037636568644
0.06382978723404255,0.00018710295013488816
0.09302325581395349,0.0001738587415465622
0.061224489795918366,0.00017476746218226304
0.08888888888888889,0.00019706459434681655
0.0975609756097561,0.00016808959175240403
0.06818181818181818,0.00024258866863378022
0.08888888888888889,0.00015346275358885995
0.045454545454545456,0.00019697102337389477
0.0975609756097561,0.0003432798674939711
0.08695652173913043,0.0002263317692520011
0.046511627906976744,0.00019905449116695696
0.06382978723404255,0.0001785946830874556
0.043478260869565216,0.00019853811121375666
0.08695652173913043,0.00040280814823339853
0.0625,0.00020681364797731943
0.1,0.0003464481532807134
0.08163265306122448,0.00041365672545300457
0.044444444444444446,0.00015896510186130472
0.044444444444444446,0.0002229619720208651
0.06666666666666667,0.00013362597421686826
0.06666666666666667,0.00025539522410930913
0.061224489795918366,0.0001719804723990885
0.08695652173913043,0.00017095585169371382
0.04081632653061224,0.0002644461390863693
0.044444444444444446,0.00022928943205007682
0.05,0.00020094303031435902
0.07142857142857142,0.0004345726702076292
0.04878048780487805,0.0001979030355902357
0.044444444444444446,0.00016185005909409133
0.0425531914893617,0.00014291277675952424
0.07142857142857142,0.0003062032790377229
0.04081632653061224,0.00039724063093438746
0.06382978723404255,0.00039960705306448657
0.0425531914893617,0.0003867332093331614
0.045454545454545456,0.00048185359852368257
0.0425531914893617,0.0001903596988266552
0.06666666666666667,0.0001570792240286333
0.06818181818181818,0.00015552943304096212
0.041666666666666664,0.0002707074708659338
0.08695652173913043,0.0004204268799436824
0.06382978723404255,0.00024104492977055535
0.075,0.00015143400616816563
0.04878048780487805,0.00018360816269431864
0.0851063829787234,0.00016934734321586667
0.041666666666666664,0.00015954746537094787
0.06976744186046512,0.00044567251983242714
0.061224489795918366,0.00015720046476659148
0.04081632653061224,0.0001714587641672178
0.041666666666666664,0.00018272675993676065
0.09302325581395349,0.00017224365300080738
0.08163265306122448,0.00017728303442589156
0.061224489795918366,0.00018946490899368872
0.08163265306122448,0.0001667893856862163
0.08333333333333333,0.00020941694426587185
0.06521739130434782,0.00017020781959631686
0.07317073170731707,0.0004984639173160261
0.0625,0.00030088350337810114
0.06976744186046512,0.0003184118172316169
0.0425531914893617,0.00021935837674801206
0.06521739130434782,0.00019925746097196976
0.06521739130434782,0.00019156713646226322
0.06382978723404255,0.0001765035415819322
0.1,0.0005900202292650034
0.06818181818181818,0.00018415301888182286
0.04878048780487805,0.000323960088117144
0.04878048780487805,0.000300056819270032
0.075,0.0004281367851482082
0.045454545454545456,0.00018868161863671242
0.0975609756097561,0.0001426339740542009
0.06976744186046512,0.00021899481380463671
0.047619047619047616,0.00024112540873697335
0.047619047619047616,0.00016341811266936058
0.07317073170731707,0.0002145289748196616
0.044444444444444446,0.00017917608255263754
0.07317073170731707,0.00013342094642148345
0.0425531914893617,0.0002007168458781362
0.0851063829787234,0.00047848450906401907
0.045454545454545456,0.0002948035952936244
0.04081632653061224,0.0001737895182252312
0.06521739130434782,0.00024832638364356884
0.046511627906976744,0.0004599863026300995
0.075,0.0005125994617705651
0.0975609756097561,0.00016714326721484814
0.061224489795918366,0.0001769097406503202
0.061224489795918366,0.0002447571897424487
0.046511627906976744,0.00038551226117045285
0.1,0.000390146531778796
0.06382978723404255,0.00017203271613479886
0.041666666666666664,0.000154000154000154
0.046511627906976744,0.00037114320354318046
0.061224489795918366,0.00019552486504015413
0.047619047619047616,0.0001652762474421533
0.07317073170731707,0.0001605002023698204
0.06818181818181818,0.0002794552667093802
0.07142857142857142,0.00039022190619065377
0.08163265306122448,0.00022104110359794633
0.06521739130434782,0.0005102837802655559
0.044444444444444446,0.00044553352639786146
0.1,0.0004770899460596265
0.0425531914893617,0.00016929933697655008
0.0975609756097561,0.0002636605081573989
0.09090909090909091,0.00017773883138785094
0.08333333333333333,0.00021838114060469737
0.0851063829787234,0.0004597494925935478
0.04878048780487805,0.0001882296401609964
0.0625,0.00019679960115280833
0.045454545454545456,0.00017461297672536786
0.061224489795918366,0.0001503116461463434
0.044444444444444446,0.00027309765191753567
0.09523809523809523,0.00023636471074868522
0.09523809523809523,0.00021390672736657567
0.061224489795918366,0.0001657876467479717
0.06382978723404255,0.0002836184558264255
0.04081632653061224,0.0001793127643401485
0.061224489795918366,0.00018165591211013088
0.04878048780487805,0.00014647007128210137
0.07317073170731707,0.000275934879368469
0.06818181818181818,0.0002031436479520581
0.06666666666666667,0.0004410548561977396
0.0975609756097561,0.00025779162019402764
0.09090909090909091,0.0001588994272558422
0.043478260869565216,0.00017066368780957036
0.061224489795918366,0.000415879358822519
0.04081632653061224,0.0004517407418815002
0.06382978723404255,0.00020519177055372466
0.08695652173913043,0.00023980815347721823
0.0851063829787234,0.00024712777010056587
0.0625,0.0001795199013421064
0.06818181818181818,0.0003566463596596575
0.09090909090909091,0.00022271391429387586
0.08163265306122448,0.00020106661049567706
0.046511627906976744,0.00024057325169117268
0.08333333333333333,0.00018199173237558636
0.06818181818181818,0.00014038934645416623
0.04878048780487805,0.00020668843784878675
0.061224489795918366,0.00019381681296246845
0.0425531914893617,0.0004882869266988316
0.06521739130434782,0.00041376864421807576
0.0851063829787234,0.00045163212161396026
0.07142857142857142,0.00022294005758494254
0.046511627906976744,0.0005605927659159598
0.06818181818181818,0.00044819259476072004
0.044444444444444446,0.00027264887896926045
0.075,0.0003237171765839557
0.09302325581395349,0.0003421003331405625
0.08163265306122448,0.00024799770038496006
0.06818181818181818,0.00014099779439164488
0.06521739130434782,0.00018246262427839915
0.06818181818181818,0.0003182554068826191
0.05,0.000150149076583179
0.06521739130434782,0.0001654887088433029
0.06382978723404255,0.00036620585762914997
0.043478260869565216,0.00022566889671416684
0.09302325581395349,0.00028140924857613037
0.06382978723404255,0.00026010302341492655
0.06818181818181818,0.00026559327635865715
0.08163265306122448,0.00037908557163330404
0.08333333333333333,0.00020927799093128707
0.04081632653061224,0.00034459521548687477
0.06818181818181818,0.0001577059488697181
0.075,0.00016184044959276897
0.041666666666666664,0.0004821864965863388
0.09090909090909091,0.0002192742023900888
0.044444444444444446,0.0002070603348461415
0.09302325581395349,0.0005244189549557591
0.044444444444444446,0.00015795983115102303
0.0851063829787234,0.0002969231340236796
0.047619047619047616,0.0005573424056291583
0.09090909090909091,0.000493613127701328
0.0975609756097561,0.0002575204004442227
0.0975609756097561,0.00021973796247974292
0.08695652173913043,0.0004114362483731475
0.08163265306122448,0.00017732461487310208
0.061224489795918366,0.00017952346956242197
0.08163265306122448,0.0002964848020655108
0.06666666666666667,0.00028493028499222635
0.09302325581395349,0.0002272669882073685
0.06818181818181818,0.00038322852613792744
0.075,0.00029066070812215015
0.043478260869565216,0.00014239077585608112
0.0851063829787234,0.0001647221418699579
0.041666666666666664,0.00021767029299328395
0.0425531914893617,0.0001717355926104628
0.09090909090909091,0.00042817968970637805
0.047619047619047616,0.0003807801232775649
0.08163265306122448,0.00016105929037962016
0.041666666666666664,0.0001513168081302873
0.08888888888888889,0.00015865775538940563
0.09090909090909091,0.0002578633324338101
0.09523809523809523,0.0004446667778333611
0.06666666666666667,0.0001655502121869183
0.047619047619047616,0.0005038145962285879
0.061224489795918366,0.0001744231576998925
0.044444444444444446,0.0001759245396017368
0.046511627906976744,0.0002865968219596854
0.04878048780487805,0.00021513251247310842
0.06382978723404255,0.00021543245724134054
0.046511627906976744,0.0002631453040524377
0.0625,0.0002362111727884729
0.08695652173913043,0.0001760383190387489
0.04878048780487805,0.00015491973436429547
0.046511627906976744,0.0003891973990222602
0.09090909090909091,0.0002471442780071732
0.09523809523809523,0.00014365450041519653
0.041666666666666664,0.00018130152293279264
0.09090909090909091,0.00019647624132407903
0.07317073170731707,0.0001961516012668523
0.07142857142857142,0.00013931741263778833
0.041666666666666664,0.00022213275208596538
0.06521739130434782,0.00020934878873521474
0.07317073170731707,0.000320327038652796
0.041666666666666664,0.00018023971882603863
0.09302325581395349,0.0002590104674012804
0.041666666666666664,0.0004130640906487923
0.07317073170731707,0.0003644992598433397
0.04081632653061224,0.000495971608380818
0.046511627906976744,0.00020451143523514463
0.06818181818181818,0.000335443834123024
0.07317073170731707,0.00040640907105046585
0.04081632653061224,0.00021581402996731958
0.075,0.00020118964310706787
0.06521739130434782,0.00017409268694653033
0.061224489795918366,0.0005480496580646698
0.075,0.0002994679664850744
0.06382978723404255,0.00021383462505286468
0.07142857142857142,0.00023736055067647758
0.08163265306122448,0.00023250011341468946
0.044444444444444446,0.0002098118990713543
0.06521739130434782,0.0003725851822873004
0.04081632653061224,0.00015141409953674495
0.1,0.00020498250498155157
0.06666666666666667,0.000400950252097471
0.043478260869565216,0.00016939690850641977
0.06666666666666667,0.00029518605757935384
0.06976744186046512,0.00028383172833248857
0.075,0.00018732067471993275
0.0625,0.0001623715525040013
0.06976744186046512,0.00016216962252432545
0.06521739130434782,0.000269156463642943
0.06521739130434782,0.0002746153892076152
0.0975609756097561,0.0003050330452465684
0.1,0.0001581855762876306
0.06382978723404255,0.00023431223779344818
0.06382978723404255,0.00044931360177431073
0.08695652173913043,0.00023399547269628915
0.0851063829787234,0.00019724965374109696
0.09523809523809523,0.00018073014980521306
0.07317073170731707,0.00020980754925709055
0.043478260869565216,0.00018707931017367832
0.0425531914893617,0.00019427990360409888
0.05,0.000172653288652755
0.04081632653061224,0.00017661278750170174
0.0625,0.000529333921482135
0.046511627906976744,0.0002067098001116233
0.09302325581395349,0.00025623651199471585
0.09523809523809523,0.0003406473781259951
0.044444444444444446,0.00023337352544049254
0.1,0.00024069277660047615
0.06666666666666667,0.0003311401298645205
0.04878048780487805,0.0001727181198158235
0.041666666666666664,0.000245654321646952
0.07317073170731707,0.0004427276450209742
0.08695652173913043,0.0001537649702429836
0.075,0.00017654068527209334
0.06521739130434782,0.0001608009284505782
0.09090909090909091,0.00018727735368956742
0.06382978723404255,0.00037779313522229904
0.09302325581395349,0.000546842276725462
0.08163265306122448,0.0004444538508751508
0.06521739130434782,0.00020429186787966774
0.08888888888888889,0.00030045067601402103
0.06818181818181818,0.0002240184335168151
0.09302325581395349,0.00043296155113181796
0.043478260869565216,0.0001940277317684918
0.09090909090909091,0.000186153633026252
0.09090909090909091,0.0003552846619663822
0.075,0.000233028939281397
0.0975609756097561,0.00028410191510518226
0.045454545454545456,0.0003917823648963001
0.047619047619047616,0.00021295337289103564
0.0975609756097561,0.0003143342848895019
0.09302325581395349,0.00037198258804907
0.046511627906976744,0.0002544869225532673
0.06976744186046512,0.00019219038546706442
0.046511627906976744,0.0003439642277203171
0.047619047619047616,0.0003669326928689967
0.08695652173913043,0.0003576566337357633
0.08333333333333333,0.00027132356568496867
0.045454545454545456,0.0002316423442205235
0.06976744186046512,0.0001661307795340724
0.04878048780487805,0.00023456451096160008
0.04878048780487805,0.00017392438637302434
0.06818181818181818,0.00020890444540133102
0.043478260869565216,0.00019164968307686556
0.04081632653061224,0.0003695861405197305
0.08163265306122448,0.00019912297392374033
0.0625,0.0003117956179724191
0.08695652173913043,0.0005023106288929073
0.09090909090909091,0.000340945251769127
0.061224489795918366,0.00024139230370684377
0.061224489795918366,0.00045606714860996553
0.04081632653061224,0.00017075808458217123
0.08888888888888889,0.00016778951899122023
0.07142857142857142,0.0004043857472405268
0.09090909090909091,0.00014141795065186942
0.0851063829787234,0.0003145222799720075
0.075,0.0003162321278385198
0.05,0.0001864065260037104
0.08695652173913043,0.00030076952984587393
0.06818181818181818,0.0001593308105954989
0.045454545454545456,0.000445905447305383
0.1,0.0004148938048410162
0.0625,0.00026833802924884517
0.1,0.0003236822088073929
0.06818181818181818,0.00020394321841370118
0.061224489795918366,0.00025486770773045615
0.08333333333333333,0.00014220755904280092
0.09302325581395349,0.00017431602219340574
0.06382978723404255,0.00036833260434172057
0.044444444444444446,0.00019723106822270756
0.09523809523809523,0.00022252245092585233
0.06976744186046512,0.0002198537494623142
0.07317073170731707,0.00028776978417266187
0.05,0.0003438099876801421
0.0425531914893617,0.00031061688513387586
0.05,0.00021451336111792107
0.1,0.00016115494376363942
0.06976744186046512,0.0001464804411990889
0.061224489795918366,0.00018590181349116018
0.061224489795918366,0.00016836973994892784
0.044444444444444446,0.00019529914947220405
0.0625,0.00043053207463956066
0.1,0.0002807897959793291
0.043478260869565216,0.00037965385472462715
0.04081632653061224,0.00020309094511591043
0.045454545454545456,0.00016889943480481818
