mean_test_score,std_test_score,rank_test_score,C,class_weight,solver,dataset,model,run_id,metric,n_neighbors,weights,max_depth,min_samples_split,n_estimators
0.7319917763814182,0.01875905190721842,10,0.01,balanced,liblinear,baseline,LogisticRegression,1,,,,,,
0.7389127590079647,0.02265037860826576,9,0.01,balanced,lbfgs,baseline,LogisticRegression,1,,,,,,
0.8407367752273436,0.007313864076290161,1,0.01,,liblinear,baseline,LogisticRegression,1,,,,,,
0.8348342226909494,0.00929948630358376,8,0.01,,lbfgs,baseline,LogisticRegression,1,,,,,,
0.7253952716618717,0.015277952122373232,12,0.1,balanced,liblinear,baseline,LogisticRegression,1,,,,,,
0.726150834884228,0.014666349776942159,11,0.1,balanced,lbfgs,baseline,LogisticRegression,1,,,,,,
0.8387373556311873,0.00663827717795185,2,0.1,,liblinear,baseline,LogisticRegression,1,,,,,,
0.8380630788009705,0.006318488134131355,3,0.1,,lbfgs,baseline,LogisticRegression,1,,,,,,
0.7211573034201848,0.016356908418142656,13,1.0,balanced,liblinear,baseline,LogisticRegression,1,,,,,,
0.7211573034201848,0.016356908418142656,13,1.0,balanced,lbfgs,baseline,LogisticRegression,1,,,,,,
0.8377467854992338,0.006363169353355865,5,1.0,,liblinear,baseline,LogisticRegression,1,,,,,,
0.8379052597898846,0.007493867639178897,4,1.0,,lbfgs,baseline,LogisticRegression,1,,,,,,
0.7203618211590639,0.017273918832011164,16,10.0,balanced,liblinear,baseline,LogisticRegression,1,,,,,,
0.7211573034201848,0.016356908418142656,13,10.0,balanced,lbfgs,baseline,LogisticRegression,1,,,,,,
0.8377467854992338,0.006363169353355865,5,10.0,,liblinear,baseline,LogisticRegression,1,,,,,,
0.8377467854992338,0.006363169353355865,5,10.0,,lbfgs,baseline,LogisticRegression,1,,,,,,
0.7173784297128936,0.020083421185282557,10,0.01,balanced,liblinear,baseline,LogisticRegression,2,,,,,,
0.7249132803004528,0.01976793947909485,9,0.01,balanced,lbfgs,baseline,LogisticRegression,2,,,,,,
0.8326194921538063,0.006237368308726033,1,0.01,,liblinear,baseline,LogisticRegression,2,,,,,,
0.8265713682560047,0.007010675464567628,8,0.01,,lbfgs,baseline,LogisticRegression,2,,,,,,
0.7044259563500266,0.016721584074767377,16,0.1,balanced,liblinear,baseline,LogisticRegression,2,,,,,,
0.7051571093981444,0.01762312837831361,15,0.1,balanced,lbfgs,baseline,LogisticRegression,2,,,,,,
0.8275445856734652,0.007303396796785424,3,0.1,,liblinear,baseline,LogisticRegression,2,,,,,,
0.8300372503954471,0.005590133055631654,2,0.1,,lbfgs,baseline,LogisticRegression,2,,,,,,
0.7075895731689993,0.015370535997593922,11,1.0,balanced,liblinear,baseline,LogisticRegression,2,,,,,,
0.7075895731689993,0.015370535997593922,11,1.0,balanced,lbfgs,baseline,LogisticRegression,2,,,,,,
0.8275445856734652,0.007303396796785424,3,1.0,,liblinear,baseline,LogisticRegression,2,,,,,,
0.8271273171772368,0.00655570321914478,7,1.0,,lbfgs,baseline,LogisticRegression,2,,,,,,
0.7060988105809158,0.014246313154069273,13,10.0,balanced,liblinear,baseline,LogisticRegression,2,,,,,,
0.7060988105809158,0.014246313154069273,13,10.0,balanced,lbfgs,baseline,LogisticRegression,2,,,,,,
0.8275445856734652,0.007303396796785424,3,10.0,,liblinear,baseline,LogisticRegression,2,,,,,,
0.8275445856734652,0.007303396796785424,3,10.0,,lbfgs,baseline,LogisticRegression,2,,,,,,
0.7335289176917417,0.023235093430805747,10,0.01,balanced,liblinear,baseline,LogisticRegression,3,,,,,,
0.7384093315544329,0.02162365809095975,9,0.01,balanced,lbfgs,baseline,LogisticRegression,3,,,,,,
0.835258275353152,0.010666214173446237,1,0.01,,liblinear,baseline,LogisticRegression,3,,,,,,
0.8303165596803153,0.009823400808613327,8,0.01,,lbfgs,baseline,LogisticRegression,3,,,,,,
0.723999405643663,0.024444985881140753,11,0.1,balanced,liblinear,baseline,LogisticRegression,3,,,,,,
0.723999405643663,0.024444985881140753,11,0.1,balanced,lbfgs,baseline,LogisticRegression,3,,,,,,
0.8327039952538773,0.008387947858997977,3,0.1,,liblinear,baseline,LogisticRegression,3,,,,,,
0.8334349661739472,0.009015259356530652,2,0.1,,lbfgs,baseline,LogisticRegression,3,,,,,,
0.7227143851734279,0.026235121815963023,13,1.0,balanced,liblinear,baseline,LogisticRegression,3,,,,,,
0.7227143851734279,0.026235121815963023,13,1.0,balanced,lbfgs,baseline,LogisticRegression,3,,,,,,
0.8321358951532012,0.007882675945146262,4,1.0,,liblinear,baseline,LogisticRegression,3,,,,,,
0.8321358951532012,0.007882675945146262,4,1.0,,lbfgs,baseline,LogisticRegression,3,,,,,,
0.7227143851734279,0.026235121815963023,13,10.0,balanced,liblinear,baseline,LogisticRegression,3,,,,,,
0.7227143851734279,0.026235121815963023,13,10.0,balanced,lbfgs,baseline,LogisticRegression,3,,,,,,
0.8321358951532012,0.007882675945146262,4,10.0,,liblinear,baseline,LogisticRegression,3,,,,,,
0.8321358951532012,0.007882675945146262,4,10.0,,lbfgs,baseline,LogisticRegression,3,,,,,,
0.7941196580484954,0.02026374619840156,20,,,,baseline,KNN,1,euclidean,3.0,uniform,,,
0.7941199081755402,0.020018761389521095,19,,,,baseline,KNN,1,euclidean,3.0,distance,,,
0.810858143993691,0.018618211744219904,16,,,,baseline,KNN,1,euclidean,5.0,uniform,,,
0.8118185677441003,0.01615971811132552,15,,,,baseline,KNN,1,euclidean,5.0,distance,,,
0.8310884321252487,0.008218151970933127,10,,,,baseline,KNN,1,euclidean,7.0,uniform,,,
0.8314679613541299,0.0073194632098414186,8,,,,baseline,KNN,1,euclidean,7.0,distance,,,
0.831294491056577,0.011915605717474674,9,,,,baseline,KNN,1,euclidean,9.0,uniform,,,
0.8316575777661894,0.00961072240702958,7,,,,baseline,KNN,1,euclidean,9.0,distance,,,
0.832678451669197,0.016711285744357457,5,,,,baseline,KNN,1,euclidean,11.0,uniform,,,
0.8347834518449563,0.01737077266297224,3,,,,baseline,KNN,1,euclidean,11.0,distance,,,
0.7989045045045046,0.006264286261294617,18,,,,baseline,KNN,1,manhattan,3.0,uniform,,,
0.7993719544469313,0.007050085345281218,17,,,,baseline,KNN,1,manhattan,3.0,distance,,,
0.8194688883197712,0.011818054234731855,13,,,,baseline,KNN,1,manhattan,5.0,uniform,,,
0.8166298577040889,0.010534561471045863,14,,,,baseline,KNN,1,manhattan,5.0,distance,,,
0.8303321674646055,0.0149196442057832,11,,,,baseline,KNN,1,manhattan,7.0,uniform,,,
0.8297138958930604,0.01336175341468708,12,,,,baseline,KNN,1,manhattan,7.0,distance,,,
0.8339071559969579,0.0127150339193547,4,,,,baseline,KNN,1,manhattan,9.0,uniform,,,
0.8323264765660531,0.013078697679309248,6,,,,baseline,KNN,1,manhattan,9.0,distance,,,
0.8378643241246382,0.011031808769338378,2,,,,baseline,KNN,1,manhattan,11.0,uniform,,,
0.8379717337110154,0.01186656287359369,1,,,,baseline,KNN,1,manhattan,11.0,distance,,,
0.7907442373109507,0.0019910069537375174,18,,,,baseline,KNN,2,euclidean,3.0,uniform,,,
0.7911377192689258,0.0032228308119491753,17,,,,baseline,KNN,2,euclidean,3.0,distance,,,
0.8118373936401216,0.005944524489047716,13,,,,baseline,KNN,2,euclidean,5.0,uniform,,,
0.8104061264363555,0.0039127459921759426,14,,,,baseline,KNN,2,euclidean,5.0,distance,,,
0.8225549564676118,0.008206820035933806,12,,,,baseline,KNN,2,euclidean,7.0,uniform,,,
0.8230638554309335,0.003197897696192341,11,,,,baseline,KNN,2,euclidean,7.0,distance,,,
0.8286519884763919,0.010363435393826918,8,,,,baseline,KNN,2,euclidean,9.0,uniform,,,
0.8304403399504556,0.0093530049002785,4,,,,baseline,KNN,2,euclidean,9.0,distance,,,
0.8293678452430882,0.009777837305209928,7,,,,baseline,KNN,2,euclidean,11.0,uniform,,,
0.8307511999782637,0.006427456763192665,3,,,,baseline,KNN,2,euclidean,11.0,distance,,,
0.7807404560403464,0.0188124441244838,19,,,,baseline,KNN,2,manhattan,3.0,uniform,,,
0.7725841541310189,0.012281559750547247,20,,,,baseline,KNN,2,manhattan,3.0,distance,,,
0.8083882373974032,0.007084381672358235,15,,,,baseline,KNN,2,manhattan,5.0,uniform,,,
0.8082609417651309,0.005860300770786862,16,,,,baseline,KNN,2,manhattan,5.0,distance,,,
0.8252994627474857,0.011072222817474909,10,,,,baseline,KNN,2,manhattan,7.0,uniform,,,
0.8255210099900783,0.006678853833049322,9,,,,baseline,KNN,2,manhattan,7.0,distance,,,
0.8301597827627376,0.0059488710430052475,6,,,,baseline,KNN,2,manhattan,9.0,uniform,,,
0.8303574017375832,0.0030754071274884903,5,,,,baseline,KNN,2,manhattan,9.0,distance,,,
0.8338750975858069,0.0068259659125091176,2,,,,baseline,KNN,2,manhattan,11.0,uniform,,,
0.8345120704186846,0.005307657903909427,1,,,,baseline,KNN,2,manhattan,11.0,distance,,,
0.8019273477163035,0.020039653999630723,17,,,,baseline,KNN,3,euclidean,3.0,uniform,,,
0.7997161562014415,0.021766531260580136,18,,,,baseline,KNN,3,euclidean,3.0,distance,,,
0.81602794345667,0.016290610446487188,13,,,,baseline,KNN,3,euclidean,5.0,uniform,,,
0.8147730760008072,0.020723825541133774,14,,,,baseline,KNN,3,euclidean,5.0,distance,,,
0.8250101173438835,0.008320463065929685,9,,,,baseline,KNN,3,euclidean,7.0,uniform,,,
0.8233246977763237,0.012487664030719287,11,,,,baseline,KNN,3,euclidean,7.0,distance,,,
0.8305518966433958,0.009297561594473163,6,,,,baseline,KNN,3,euclidean,9.0,uniform,,,
0.8286724754132042,0.01336865158236993,8,,,,baseline,KNN,3,euclidean,9.0,distance,,,
0.8323822571991804,0.010465252011935438,3,,,,baseline,KNN,3,euclidean,11.0,uniform,,,
0.8305744109906577,0.014105316638028376,5,,,,baseline,KNN,3,euclidean,11.0,distance,,,
0.7858155546893014,0.0141375122109384,19,,,,baseline,KNN,3,manhattan,3.0,uniform,,,
0.7844402951548478,0.019653739825781506,20,,,,baseline,KNN,3,manhattan,3.0,distance,,,
0.8142178622022616,0.01566664598638283,15,,,,baseline,KNN,3,manhattan,5.0,uniform,,,
0.8117328985555703,0.019192969350061383,16,,,,baseline,KNN,3,manhattan,5.0,distance,,,
0.823658679876527,0.01503933777560932,10,,,,baseline,KNN,3,manhattan,7.0,uniform,,,
0.8210554101851779,0.023453506065702352,12,,,,baseline,KNN,3,manhattan,7.0,distance,,,
0.8340099253984654,0.013762761486693014,2,,,,baseline,KNN,3,manhattan,9.0,uniform,,,
0.8300352342424638,0.017615049781311422,7,,,,baseline,KNN,3,manhattan,9.0,distance,,,
0.8348049965462755,0.015460438050734647,1,,,,baseline,KNN,3,manhattan,11.0,uniform,,,
0.8309286750206393,0.017764069943887913,4,,,,baseline,KNN,3,manhattan,11.0,distance,,,
0.84088150997673,0.011866773877194066,27,,balanced,,baseline,RandomForest,1,,,,,2.0,50.0
0.8384828628457914,0.011619392827632623,41,,balanced,,baseline,RandomForest,1,,,,,2.0,100.0
0.8420210959163971,0.010432943762917235,19,,balanced,,baseline,RandomForest,1,,,,,2.0,200.0
0.836184980094969,0.010906405603743887,47,,balanced,,baseline,RandomForest,1,,,,,5.0,50.0
0.8403569625569691,0.01084049719043388,33,,balanced,,baseline,RandomForest,1,,,,,5.0,100.0
0.8429860569607183,0.010812819855560565,9,,balanced,,baseline,RandomForest,1,,,,,5.0,200.0
0.8332428666305084,0.013573679932555429,53,,balanced,,baseline,RandomForest,1,,,,10,2.0,50.0
0.8385110868074077,0.01147236367669762,40,,balanced,,baseline,RandomForest,1,,,,10,2.0,100.0
0.840575762136979,0.010583198267815829,29,,balanced,,baseline,RandomForest,1,,,,10,2.0,200.0
0.8355113928990037,0.011748487933024567,49,,balanced,,baseline,RandomForest,1,,,,10,5.0,50.0
0.837460406205319,0.013374397595134965,45,,balanced,,baseline,RandomForest,1,,,,10,5.0,100.0
0.8410004824899568,0.010982530747634434,26,,balanced,,baseline,RandomForest,1,,,,10,5.0,200.0
0.8412154765778694,0.011529899933706905,25,,balanced,,baseline,RandomForest,1,,,,20,2.0,50.0
0.8406580845636977,0.00871280630386273,28,,balanced,,baseline,RandomForest,1,,,,20,2.0,100.0
0.8427847821270709,0.008462571686561463,14,,balanced,,baseline,RandomForest,1,,,,20,2.0,200.0
0.8383420624274622,0.01257454980509343,42,,balanced,,baseline,RandomForest,1,,,,20,5.0,50.0
0.8432615771744374,0.011542563885415863,8,,balanced,,baseline,RandomForest,1,,,,20,5.0,100.0
0.8403588991425384,0.012348229731962217,32,,balanced,,baseline,RandomForest,1,,,,20,5.0,200.0
0.8404263967818381,0.011164661044670223,30,,balanced_subsample,,baseline,RandomForest,1,,,,,2.0,50.0
0.8425314761864671,0.008324562963296589,16,,balanced_subsample,,baseline,RandomForest,1,,,,,2.0,100.0
0.84412093494435,0.00943529055070249,5,,balanced_subsample,,baseline,RandomForest,1,,,,,2.0,200.0
0.8380925108912638,0.01259517155671501,43,,balanced_subsample,,baseline,RandomForest,1,,,,,5.0,50.0
0.8425573963564613,0.012228517677758009,15,,balanced_subsample,,baseline,RandomForest,1,,,,,5.0,100.0
0.8469627893190488,0.010007693312211553,1,,balanced_subsample,,baseline,RandomForest,1,,,,,5.0,200.0
0.8415331808359614,0.008496469292318337,21,,balanced_subsample,,baseline,RandomForest,1,,,,10,2.0,50.0
0.840407417073987,0.00943911798049304,31,,balanced_subsample,,baseline,RandomForest,1,,,,10,2.0,100.0
0.8412465192106268,0.009989006826389988,23,,balanced_subsample,,baseline,RandomForest,1,,,,10,2.0,200.0
0.8358613380092711,0.007183575137257076,48,,balanced_subsample,,baseline,RandomForest,1,,,,10,5.0,50.0
0.842832225329162,0.009791229850494772,13,,balanced_subsample,,baseline,RandomForest,1,,,,10,5.0,100.0
0.8450527764127933,0.008610993947043417,4,,balanced_subsample,,baseline,RandomForest,1,,,,10,5.0,200.0
0.8337825415869989,0.01490344369226296,50,,balanced_subsample,,baseline,RandomForest,1,,,,20,2.0,50.0
0.8412278769254913,0.010357509315296753,24,,balanced_subsample,,baseline,RandomForest,1,,,,20,2.0,100.0
0.8429525452501438,0.011836182777994343,10,,balanced_subsample,,baseline,RandomForest,1,,,,20,2.0,200.0
0.8337540890058339,0.01492243636316451,51,,balanced_subsample,,baseline,RandomForest,1,,,,20,5.0,50.0
0.8428342048932823,0.012701539996695023,12,,balanced_subsample,,baseline,RandomForest,1,,,,20,5.0,100.0
0.8435599279884911,0.011251512648136036,7,,balanced_subsample,,baseline,RandomForest,1,,,,20,5.0,200.0
0.8334949766888563,0.01213526961549052,52,,,,baseline,RandomForest,1,,,,,2.0,50.0
0.8396368831737048,0.01194478969448661,38,,,,baseline,RandomForest,1,,,,,2.0,100.0
0.8398056918544784,0.014272796838807066,36,,,,baseline,RandomForest,1,,,,,2.0,200.0
0.8380205311829956,0.014138136456668683,44,,,,baseline,RandomForest,1,,,,,5.0,50.0
0.8421167118863624,0.012454124089488433,18,,,,baseline,RandomForest,1,,,,,5.0,100.0
0.8400793604896062,0.014172753509028085,35,,,,baseline,RandomForest,1,,,,,5.0,200.0
0.8396512420470312,0.009468390871340514,37,,,,baseline,RandomForest,1,,,,10,2.0,50.0
0.841847187107931,0.008972785028149336,20,,,,baseline,RandomForest,1,,,,10,2.0,100.0
0.8414943012051849,0.008061113107108496,22,,,,baseline,RandomForest,1,,,,10,2.0,200.0
0.8439894572432645,0.006012075035586543,6,,,,baseline,RandomForest,1,,,,10,5.0,50.0
0.8467578058991542,0.00891829182145722,2,,,,baseline,RandomForest,1,,,,10,5.0,100.0
0.8460260930729773,0.007528424471925259,3,,,,baseline,RandomForest,1,,,,10,5.0,200.0
0.8318827646541525,0.012663574234256209,54,,,,baseline,RandomForest,1,,,,20,2.0,50.0
0.8371662417470409,0.012209013971089842,46,,,,baseline,RandomForest,1,,,,20,2.0,100.0
0.8390595891862622,0.014400351195720234,39,,,,baseline,RandomForest,1,,,,20,2.0,200.0
0.8402137941037873,0.01443451408187964,34,,,,baseline,RandomForest,1,,,,20,5.0,50.0
0.8429254167024558,0.013265300208994246,11,,,,baseline,RandomForest,1,,,,20,5.0,100.0
0.842152332431113,0.011646334465372547,17,,,,baseline,RandomForest,1,,,,20,5.0,200.0
0.8366628744033408,0.011966516783281462,43,,balanced,,baseline,RandomForest,2,,,,,2.0,50.0
0.8401070258083767,0.004737819616918878,17,,balanced,,baseline,RandomForest,2,,,,,2.0,100.0
0.8400754762216849,0.005934441253078228,18,,balanced,,baseline,RandomForest,2,,,,,2.0,200.0
0.8375697915006283,0.012544280706350506,34,,balanced,,baseline,RandomForest,2,,,,,5.0,50.0
0.8373314860928252,0.005466482715743562,37,,balanced,,baseline,RandomForest,2,,,,,5.0,100.0
0.8395100178135927,0.00876928128354042,21,,balanced,,baseline,RandomForest,2,,,,,5.0,200.0
0.8376161816403748,0.006009874839672419,33,,balanced,,baseline,RandomForest,2,,,,10,2.0,50.0
0.8373555163404319,0.005017798794180003,36,,balanced,,baseline,RandomForest,2,,,,10,2.0,100.0
0.8395311796621778,0.007509763525022051,20,,balanced,,baseline,RandomForest,2,,,,10,2.0,200.0
0.8405426729505127,0.015981313186289006,15,,balanced,,baseline,RandomForest,2,,,,10,5.0,50.0
0.8387959156532873,0.009493519739195726,24,,balanced,,baseline,RandomForest,2,,,,10,5.0,100.0
0.841734326813371,0.009735910555970714,5,,balanced,,baseline,RandomForest,2,,,,10,5.0,200.0
0.8370174945260599,0.014525509456850157,41,,balanced,,baseline,RandomForest,2,,,,20,2.0,50.0
0.8371425255347609,0.007452205740469155,38,,balanced,,baseline,RandomForest,2,,,,20,2.0,100.0
0.838489084421832,0.006585661095270071,29,,balanced,,baseline,RandomForest,2,,,,20,2.0,200.0
0.8351593831965107,0.008115811755995714,50,,balanced,,baseline,RandomForest,2,,,,20,5.0,50.0
0.8370391343492918,0.0060775250114648875,40,,balanced,,baseline,RandomForest,2,,,,20,5.0,100.0
0.8411349945045007,0.00842994866615845,10,,balanced,,baseline,RandomForest,2,,,,20,5.0,200.0
0.8386235644814766,0.007912021163811435,26,,balanced_subsample,,baseline,RandomForest,2,,,,,2.0,50.0
0.8374544724776036,0.0076369780754649485,35,,balanced_subsample,,baseline,RandomForest,2,,,,,2.0,100.0
0.8406339168495265,0.005775832225035082,14,,balanced_subsample,,baseline,RandomForest,2,,,,,2.0,200.0
0.8412913783634244,0.009257062189316776,9,,balanced_subsample,,baseline,RandomForest,2,,,,,5.0,50.0
0.8411253218019287,0.008697204959092346,11,,balanced_subsample,,baseline,RandomForest,2,,,,,5.0,100.0
0.8407039058364095,0.006315805826057323,13,,balanced_subsample,,baseline,RandomForest,2,,,,,5.0,200.0
0.8415745437206498,0.007708703285605896,6,,balanced_subsample,,baseline,RandomForest,2,,,,10,2.0,50.0
0.8376221402769468,0.005419283674903385,32,,balanced_subsample,,baseline,RandomForest,2,,,,10,2.0,100.0
0.83927958404091,0.006952552679801533,23,,balanced_subsample,,baseline,RandomForest,2,,,,10,2.0,200.0
0.8361852058201702,0.010517014704898684,44,,balanced_subsample,,baseline,RandomForest,2,,,,10,5.0,50.0
0.8354088467715985,0.006464166071712352,49,,balanced_subsample,,baseline,RandomForest,2,,,,10,5.0,100.0
0.8386549703088413,0.008575621277651286,25,,balanced_subsample,,baseline,RandomForest,2,,,,10,5.0,200.0
0.8359641865708278,0.011049308984913356,46,,balanced_subsample,,baseline,RandomForest,2,,,,20,2.0,50.0
0.8354942080192049,0.00910031738280532,48,,balanced_subsample,,baseline,RandomForest,2,,,,20,2.0,100.0
0.8415305847056198,0.00549984539552187,7,,balanced_subsample,,baseline,RandomForest,2,,,,20,2.0,200.0
0.8414742975862707,0.00874993513750922,8,,balanced_subsample,,baseline,RandomForest,2,,,,20,5.0,50.0
0.838159200106311,0.005900407189433375,31,,balanced_subsample,,baseline,RandomForest,2,,,,20,5.0,100.0
0.8419863149509006,0.004583664971242766,4,,balanced_subsample,,baseline,RandomForest,2,,,,20,5.0,200.0
0.8337826160209134,0.0035609688301772345,53,,,,baseline,RandomForest,2,,,,,2.0,50.0
0.8341196270601104,0.003867679070331138,52,,,,baseline,RandomForest,2,,,,,2.0,100.0
0.8371045825419413,0.004316518539001612,39,,,,baseline,RandomForest,2,,,,,2.0,200.0
0.8360416066084027,0.01009199965545376,45,,,,baseline,RandomForest,2,,,,,5.0,50.0
0.8386028154078838,0.0037782515079249164,27,,,,baseline,RandomForest,2,,,,,5.0,100.0
0.8369720144566829,0.0046559686161255715,42,,,,baseline,RandomForest,2,,,,,5.0,200.0
0.8385894903359837,0.010680404079864,28,,,,baseline,RandomForest,2,,,,10,2.0,50.0
0.8399028727502852,0.010982416258371389,19,,,,baseline,RandomForest,2,,,,10,2.0,100.0
0.8421349369066903,0.007660981349495959,3,,,,baseline,RandomForest,2,,,,10,2.0,200.0
0.8411210867748006,0.006859816037619269,12,,,,baseline,RandomForest,2,,,,10,5.0,50.0
0.8424535830117124,0.006354902650372072,2,,,,baseline,RandomForest,2,,,,10,5.0,100.0
0.8454495371781043,0.006060836706449076,1,,,,baseline,RandomForest,2,,,,10,5.0,200.0
0.8299128076732089,0.0059739296153133075,54,,,,baseline,RandomForest,2,,,,20,2.0,50.0
0.8344434625903826,0.004391753036764246,51,,,,baseline,RandomForest,2,,,,20,2.0,100.0
0.8356655797258746,0.0049145549010638275,47,,,,baseline,RandomForest,2,,,,20,2.0,200.0
0.8381808503542795,0.00903797421927536,30,,,,baseline,RandomForest,2,,,,20,5.0,50.0
0.8394788268288949,0.005913099217097253,22,,,,baseline,RandomForest,2,,,,20,5.0,100.0
0.8402025540438128,0.005545874591767187,16,,,,baseline,RandomForest,2,,,,20,5.0,200.0
0.8412391325265564,0.01246366042476113,17,,balanced,,baseline,RandomForest,3,,,,,2.0,50.0
0.8389919604205319,0.008821937319341996,32,,balanced,,baseline,RandomForest,3,,,,,2.0,100.0
0.8422965872669657,0.010042173116813088,9,,balanced,,baseline,RandomForest,3,,,,,2.0,200.0
0.8352732874914288,0.005473293660546514,51,,balanced,,baseline,RandomForest,3,,,,,5.0,50.0
0.8369924226580929,0.011273157454975875,43,,balanced,,baseline,RandomForest,3,,,,,5.0,100.0
0.8412876815619958,0.013369645803048483,16,,balanced,,baseline,RandomForest,3,,,,,5.0,200.0
0.835617685763242,0.010192457912249792,50,,balanced,,baseline,RandomForest,3,,,,10,2.0,50.0
0.8376954890489443,0.010874407089339577,39,,balanced,,baseline,RandomForest,3,,,,10,2.0,100.0
0.8387049742909601,0.01239977522967406,34,,balanced,,baseline,RandomForest,3,,,,10,2.0,200.0
0.8403810923132005,0.009089768510197303,26,,balanced,,baseline,RandomForest,3,,,,10,5.0,50.0
0.8434679077772028,0.01016199326177016,2,,balanced,,baseline,RandomForest,3,,,,10,5.0,100.0
0.8434432355210693,0.011503221156526258,3,,balanced,,baseline,RandomForest,3,,,,10,5.0,200.0
0.8457397609522527,0.009405532248695388,1,,balanced,,baseline,RandomForest,3,,,,20,2.0,50.0
0.8414492382071952,0.008330356178964382,12,,balanced,,baseline,RandomForest,3,,,,20,2.0,100.0
0.8423181520783485,0.012542056602350488,8,,balanced,,baseline,RandomForest,3,,,,20,2.0,200.0
0.8381898852079109,0.006458274855299881,36,,balanced,,baseline,RandomForest,3,,,,20,5.0,50.0
0.8402567255676587,0.01219968266040737,28,,balanced,,baseline,RandomForest,3,,,,20,5.0,100.0
0.8414221222085672,0.013856132556676636,14,,balanced,,baseline,RandomForest,3,,,,20,5.0,200.0
0.8314929748280309,0.013491185213741073,54,,balanced_subsample,,baseline,RandomForest,3,,,,,2.0,50.0
0.8365094556211619,0.0130949855831203,47,,balanced_subsample,,baseline,RandomForest,3,,,,,2.0,100.0
0.8392241815852837,0.013393525185218318,31,,balanced_subsample,,baseline,RandomForest,3,,,,,2.0,200.0
0.8367520219484396,0.016069505843251407,44,,balanced_subsample,,baseline,RandomForest,3,,,,,5.0,50.0
0.8392523450906204,0.016962182499580637,30,,balanced_subsample,,baseline,RandomForest,3,,,,,5.0,100.0
0.8397718978887303,0.016269865940074867,29,,balanced_subsample,,baseline,RandomForest,3,,,,,5.0,200.0
0.8404450529579963,0.008781919184411539,25,,balanced_subsample,,baseline,RandomForest,3,,,,10,2.0,50.0
0.8433093761021644,0.009360057620860809,4,,balanced_subsample,,baseline,RandomForest,3,,,,10,2.0,100.0
0.8414320737989032,0.011413468415651362,13,,balanced_subsample,,baseline,RandomForest,3,,,,10,2.0,200.0
0.8371726681044857,0.010502260863063153,41,,balanced_subsample,,baseline,RandomForest,3,,,,10,5.0,50.0
0.8403756020699124,0.01034908319899152,27,,balanced_subsample,,baseline,RandomForest,3,,,,10,5.0,100.0
0.8424061005508557,0.010520233895972293,7,,balanced_subsample,,baseline,RandomForest,3,,,,10,5.0,200.0
0.8340643321520872,0.014925578623656179,52,,balanced_subsample,,baseline,RandomForest,3,,,,20,2.0,50.0
0.8360311527655642,0.013514877889904426,49,,balanced_subsample,,baseline,RandomForest,3,,,,20,2.0,100.0
0.8413844895606335,0.012518566665143992,15,,balanced_subsample,,baseline,RandomForest,3,,,,20,2.0,200.0
0.8380737063920357,0.018537410675927568,37,,balanced_subsample,,baseline,RandomForest,3,,,,20,5.0,50.0
0.8385074574548259,0.016711064272368816,35,,balanced_subsample,,baseline,RandomForest,3,,,,20,5.0,100.0
0.8409735563438814,0.014143476390479186,19,,balanced_subsample,,baseline,RandomForest,3,,,,20,5.0,200.0
0.8366859294413327,0.015569956606121716,46,,,,baseline,RandomForest,3,,,,,2.0,50.0
0.8378060525334506,0.015286151149099295,38,,,,baseline,RandomForest,3,,,,,2.0,100.0
0.836695439155833,0.014155765861753024,45,,,,baseline,RandomForest,3,,,,,2.0,200.0
0.8361825192906499,0.009660212262759232,48,,,,baseline,RandomForest,3,,,,,5.0,50.0
0.8427018913375963,0.012218547874889043,6,,,,baseline,RandomForest,3,,,,,5.0,100.0
0.8404953048910357,0.0110078954579672,22,,,,baseline,RandomForest,3,,,,,5.0,200.0
0.840653777996752,0.014335466659610021,20,,,,baseline,RandomForest,3,,,,10,2.0,50.0
0.8409836315848637,0.014640306611247999,18,,,,baseline,RandomForest,3,,,,10,2.0,100.0
0.840613207798935,0.016487369080028708,21,,,,baseline,RandomForest,3,,,,10,2.0,200.0
0.840489930918773,0.007286143312770167,23,,,,baseline,RandomForest,3,,,,10,5.0,50.0
0.8418004287320358,0.012766696956519672,10,,,,baseline,RandomForest,3,,,,10,5.0,100.0
0.8431400193495344,0.009237707719927131,5,,,,baseline,RandomForest,3,,,,10,5.0,200.0
0.8329754853882768,0.01782193394568373,53,,,,baseline,RandomForest,3,,,,20,2.0,50.0
0.8375129944076128,0.016455962759921353,40,,,,baseline,RandomForest,3,,,,20,2.0,100.0
0.8389775017654364,0.014041623950897345,33,,,,baseline,RandomForest,3,,,,20,2.0,200.0
0.8371581800670086,0.011159081497480816,42,,,,baseline,RandomForest,3,,,,20,5.0,50.0
0.8404710744392059,0.011504769512869321,24,,,,baseline,RandomForest,3,,,,20,5.0,100.0
0.841615226392296,0.012944522289673351,11,,,,baseline,RandomForest,3,,,,20,5.0,200.0
0.7309640088051148,0.021119068458814817,10,0.01,balanced,liblinear,ratio,LogisticRegression,1,,,,,,
0.7392970071374111,0.023355559724465718,9,0.01,balanced,lbfgs,ratio,LogisticRegression,1,,,,,,
0.8405795814250195,0.00596260339142794,1,0.01,,liblinear,ratio,LogisticRegression,1,,,,,,
0.8346676102525319,0.007985533737750135,8,0.01,,lbfgs,ratio,LogisticRegression,1,,,,,,
0.7207705737806108,0.014985097570327894,16,0.1,balanced,liblinear,ratio,LogisticRegression,1,,,,,,
0.7223304428942777,0.014491468571993975,15,0.1,balanced,lbfgs,ratio,LogisticRegression,1,,,,,,
0.8387373556311873,0.00663827717795185,2,0.1,,liblinear,ratio,LogisticRegression,1,,,,,,
0.8380723390057716,0.007204811655288007,7,0.1,,lbfgs,ratio,LogisticRegression,1,,,,,,
0.723791546554696,0.012120022112342442,14,1.0,balanced,liblinear,ratio,LogisticRegression,1,,,,,,
0.7253007505118505,0.012168689685365114,13,1.0,balanced,lbfgs,ratio,LogisticRegression,1,,,,,,
0.838654951500245,0.007683482754655974,3,1.0,,liblinear,ratio,LogisticRegression,1,,,,,,
0.838654951500245,0.007683482754655974,3,1.0,,lbfgs,ratio,LogisticRegression,1,,,,,,
0.7291567577624709,0.008412750290979619,11,10.0,balanced,liblinear,ratio,LogisticRegression,1,,,,,,
0.7291567577624709,0.008412750290979619,11,10.0,balanced,lbfgs,ratio,LogisticRegression,1,,,,,,
0.8385021220111012,0.008774115768470295,5,10.0,,liblinear,ratio,LogisticRegression,1,,,,,,
0.8385021220111012,0.008774115768470295,5,10.0,,lbfgs,ratio,LogisticRegression,1,,,,,,
0.7133563260803838,0.021953262843717295,12,0.01,balanced,liblinear,ratio,LogisticRegression,2,,,,,,
0.7180507994628338,0.02167015326655843,9,0.01,balanced,lbfgs,ratio,LogisticRegression,2,,,,,,
0.8336145170294282,0.0062717835084877506,1,0.01,,liblinear,ratio,LogisticRegression,2,,,,,,
0.8265627116069652,0.006177948996871211,8,0.01,,lbfgs,ratio,LogisticRegression,2,,,,,,
0.705177987179047,0.015935349443590468,15,0.1,balanced,liblinear,ratio,LogisticRegression,2,,,,,,
0.7039449806161082,0.017006242604691007,16,0.1,balanced,lbfgs,ratio,LogisticRegression,2,,,,,,
0.8281365177650006,0.006688687651246958,7,0.1,,liblinear,ratio,LogisticRegression,2,,,,,,
0.8306203697115846,0.005491115268397922,4,0.1,,lbfgs,ratio,LogisticRegression,2,,,,,,
0.7111290955066208,0.01772364505140063,13,1.0,balanced,liblinear,ratio,LogisticRegression,2,,,,,,
0.7111290955066208,0.01772364505140063,13,1.0,balanced,lbfgs,ratio,LogisticRegression,2,,,,,,
0.8309504978140219,0.008597426298248775,2,1.0,,liblinear,ratio,LogisticRegression,2,,,,,,
0.8309504978140219,0.008597426298248775,2,1.0,,lbfgs,ratio,LogisticRegression,2,,,,,,
0.7151839983523969,0.01373830138868594,10,10.0,balanced,liblinear,ratio,LogisticRegression,2,,,,,,
0.7147530247760228,0.01341629142893747,11,10.0,balanced,lbfgs,ratio,LogisticRegression,2,,,,,,
0.8305497583543044,0.009061994523733725,5,10.0,,liblinear,ratio,LogisticRegression,2,,,,,,
0.8305497583543044,0.009061994523733725,5,10.0,,lbfgs,ratio,LogisticRegression,2,,,,,,
0.728394825646647,0.023200627611030433,14,0.01,balanced,liblinear,ratio,LogisticRegression,3,,,,,,
0.7353263394806422,0.02020186881670332,9,0.01,balanced,lbfgs,ratio,LogisticRegression,3,,,,,,
0.8360948934852411,0.011060870467057147,3,0.01,,liblinear,ratio,LogisticRegression,3,,,,,,
0.8329423502349489,0.009334057421863936,7,0.01,,lbfgs,ratio,LogisticRegression,3,,,,,,
0.7221331593151492,0.024490721592307318,16,0.1,balanced,liblinear,ratio,LogisticRegression,3,,,,,,
0.7225017407058255,0.023060043623179993,15,0.1,balanced,lbfgs,ratio,LogisticRegression,3,,,,,,
0.8326890404348587,0.009211545854374658,8,0.1,,liblinear,ratio,LogisticRegression,3,,,,,,
0.8340038288117751,0.009629574903999462,6,0.1,,lbfgs,ratio,LogisticRegression,3,,,,,,
0.7303577095664346,0.028903025974452982,10,1.0,balanced,liblinear,ratio,LogisticRegression,3,,,,,,
0.7288677442215726,0.028506372976074616,13,1.0,balanced,lbfgs,ratio,LogisticRegression,3,,,,,,
0.8356551480110979,0.01171289736096925,4,1.0,,liblinear,ratio,LogisticRegression,3,,,,,,
0.8356551480110979,0.01171289736096925,4,1.0,,lbfgs,ratio,LogisticRegression,3,,,,,,
0.7297875106168893,0.02384452462189167,11,10.0,balanced,liblinear,ratio,LogisticRegression,3,,,,,,
0.7297875106168893,0.02384452462189167,11,10.0,balanced,lbfgs,ratio,LogisticRegression,3,,,,,,
0.8373115753576881,0.012571696723966254,1,10.0,,liblinear,ratio,LogisticRegression,3,,,,,,
0.8373115753576881,0.012571696723966254,1,10.0,,lbfgs,ratio,LogisticRegression,3,,,,,,
0.7982397541208085,0.018469325933334786,18,,,,ratio,KNN,1,euclidean,3.0,uniform,,,
0.7987186485769007,0.019862274099451065,17,,,,ratio,KNN,1,euclidean,3.0,distance,,,
0.8184347889381659,0.013577257966942828,14,,,,ratio,KNN,1,euclidean,5.0,uniform,,,
0.8195694940893411,0.012068176303997239,13,,,,ratio,KNN,1,euclidean,5.0,distance,,,
0.8336954827639298,0.009916559555599584,9,,,,ratio,KNN,1,euclidean,7.0,uniform,,,
0.8351181576885238,0.0109694657678854,7,,,,ratio,KNN,1,euclidean,7.0,distance,,,
0.8362446314551096,0.009096990505387606,5,,,,ratio,KNN,1,euclidean,9.0,uniform,,,
0.8382452362205448,0.010091516333582901,3,,,,ratio,KNN,1,euclidean,9.0,distance,,,
0.8355126098070189,0.011083615198668715,6,,,,ratio,KNN,1,euclidean,11.0,uniform,,,
0.8381072455602627,0.009921381165122907,4,,,,ratio,KNN,1,euclidean,11.0,distance,,,
0.7973532341838141,0.011475690301493587,19,,,,ratio,KNN,1,manhattan,3.0,uniform,,,
0.7941074423207404,0.010406088526232761,20,,,,ratio,KNN,1,manhattan,3.0,distance,,,
0.816284974868719,0.01226712003055261,15,,,,ratio,KNN,1,manhattan,5.0,uniform,,,
0.8136474842508543,0.01721557481563704,16,,,,ratio,KNN,1,manhattan,5.0,distance,,,
0.8304967179631879,0.015797530637453854,11,,,,ratio,KNN,1,manhattan,7.0,uniform,,,
0.8299223651281921,0.016904318300964935,12,,,,ratio,KNN,1,manhattan,7.0,distance,,,
0.8346471439942235,0.011369822557750497,8,,,,ratio,KNN,1,manhattan,9.0,uniform,,,
0.8335413786102484,0.010990293794074917,10,,,,ratio,KNN,1,manhattan,9.0,distance,,,
0.842290889887846,0.010785151387549935,1,,,,ratio,KNN,1,manhattan,11.0,uniform,,,
0.8410668586571616,0.010874809946385218,2,,,,ratio,KNN,1,manhattan,11.0,distance,,,
0.7937804123409558,0.011224272825214649,17,,,,ratio,KNN,2,euclidean,3.0,uniform,,,
0.7934995521982187,0.013069737697156272,18,,,,ratio,KNN,2,euclidean,3.0,distance,,,
0.8188487474970664,0.006742081921908879,13,,,,ratio,KNN,2,euclidean,5.0,uniform,,,
0.8180382436595395,0.005806590017369924,14,,,,ratio,KNN,2,euclidean,5.0,distance,,,
0.8275726275632642,0.00878673594886282,9,,,,ratio,KNN,2,euclidean,7.0,uniform,,,
0.8265120907727989,0.007493501231595732,10,,,,ratio,KNN,2,euclidean,7.0,distance,,,
0.8332003496377206,0.008256783458312716,6,,,,ratio,KNN,2,euclidean,9.0,uniform,,,
0.8356068375051553,0.010136210454550485,2,,,,ratio,KNN,2,euclidean,9.0,distance,,,
0.8339741883657779,0.010992011666587026,5,,,,ratio,KNN,2,euclidean,11.0,uniform,,,
0.8345169302779503,0.009355954690141865,3,,,,ratio,KNN,2,euclidean,11.0,distance,,,
0.7894727312422607,0.01563225566661967,19,,,,ratio,KNN,2,manhattan,3.0,uniform,,,
0.7820331877631636,0.01045880331901436,20,,,,ratio,KNN,2,manhattan,3.0,distance,,,
0.8116350846423803,0.008501865802902431,15,,,,ratio,KNN,2,manhattan,5.0,uniform,,,
0.8072778212279765,0.00931019504183586,16,,,,ratio,KNN,2,manhattan,5.0,distance,,,
0.8242773239226817,0.013148058316999344,11,,,,ratio,KNN,2,manhattan,7.0,uniform,,,
0.8204427608028257,0.010898643359840251,12,,,,ratio,KNN,2,manhattan,7.0,distance,,,
0.8324651984658992,0.009881292885239559,7,,,,ratio,KNN,2,manhattan,9.0,uniform,,,
0.8318780490810875,0.0098794506825351,8,,,,ratio,KNN,2,manhattan,9.0,distance,,,
0.8344692733454426,0.008176537365623298,4,,,,ratio,KNN,2,manhattan,11.0,uniform,,,
0.8367729848357847,0.0060979867137850655,1,,,,ratio,KNN,2,manhattan,11.0,distance,,,
0.7985350281990591,0.020269688485876562,17,,,,ratio,KNN,3,euclidean,3.0,uniform,,,
0.7965227470821399,0.023709463782604266,18,,,,ratio,KNN,3,euclidean,3.0,distance,,,
0.8244712980132419,0.018592687176804682,11,,,,ratio,KNN,3,euclidean,5.0,uniform,,,
0.8211029167282458,0.02218373036656316,13,,,,ratio,KNN,3,euclidean,5.0,distance,,,
0.8228708584025106,0.014333655643259195,12,,,,ratio,KNN,3,euclidean,7.0,uniform,,,
0.8209527779458435,0.019087095709354948,14,,,,ratio,KNN,3,euclidean,7.0,distance,,,
0.8300257094147184,0.013145222185886622,7,,,,ratio,KNN,3,euclidean,9.0,uniform,,,
0.8292393052460485,0.01587963692851535,8,,,,ratio,KNN,3,euclidean,9.0,distance,,,
0.8315721115553121,0.01458437374233125,6,,,,ratio,KNN,3,euclidean,11.0,uniform,,,
0.828914872412404,0.017662386325314916,9,,,,ratio,KNN,3,euclidean,11.0,distance,,,
0.7903162964095506,0.018225045586639232,19,,,,ratio,KNN,3,manhattan,3.0,uniform,,,
0.7880360633451217,0.022161018951512297,20,,,,ratio,KNN,3,manhattan,3.0,distance,,,
0.8178085746554504,0.014934800631637482,15,,,,ratio,KNN,3,manhattan,5.0,uniform,,,
0.812518939055124,0.013000724542732085,16,,,,ratio,KNN,3,manhattan,5.0,distance,,,
0.8351158839237565,0.015371709467008943,3,,,,ratio,KNN,3,manhattan,7.0,uniform,,,
0.8281239715719213,0.017091723073254586,10,,,,ratio,KNN,3,manhattan,7.0,distance,,,
0.8371550764683603,0.014155343655776942,1,,,,ratio,KNN,3,manhattan,9.0,uniform,,,
0.8359521411419853,0.02008537702384781,2,,,,ratio,KNN,3,manhattan,9.0,distance,,,
0.8338033781218058,0.012412844386272888,4,,,,ratio,KNN,3,manhattan,11.0,uniform,,,
0.8333133564346475,0.02155339739214288,5,,,,ratio,KNN,3,manhattan,11.0,distance,,,
0.8445284794318747,0.016284174243073365,37,,balanced,,ratio,RandomForest,1,,,,,2.0,50.0
0.8470575614861329,0.011399915963649362,20,,balanced,,ratio,RandomForest,1,,,,,2.0,100.0
0.8474770084711298,0.008416942140708495,17,,balanced,,ratio,RandomForest,1,,,,,2.0,200.0
0.8447673243881036,0.009605545740742665,35,,balanced,,ratio,RandomForest,1,,,,,5.0,50.0
0.8465176047322638,0.011348462137234873,22,,balanced,,ratio,RandomForest,1,,,,,5.0,100.0
0.8476609023954564,0.012001579190963904,15,,balanced,,ratio,RandomForest,1,,,,,5.0,200.0
0.8402040372442853,0.006231604643534504,51,,balanced,,ratio,RandomForest,1,,,,10,2.0,50.0
0.8454075458604251,0.0053972171571086735,28,,balanced,,ratio,RandomForest,1,,,,10,2.0,100.0
0.8491713272104354,0.006900983178804274,5,,balanced,,ratio,RandomForest,1,,,,10,2.0,200.0
0.8402000796267712,0.015286830540877705,52,,balanced,,ratio,RandomForest,1,,,,10,5.0,50.0
0.8460511867265771,0.010914165735511218,25,,balanced,,ratio,RandomForest,1,,,,10,5.0,100.0
0.8488300435954719,0.010062198663655134,8,,balanced,,ratio,RandomForest,1,,,,10,5.0,200.0
0.8461496761794413,0.011989875325231911,24,,balanced,,ratio,RandomForest,1,,,,20,2.0,50.0
0.8464703567045546,0.011202348274255399,23,,balanced,,ratio,RandomForest,1,,,,20,2.0,100.0
0.8447162031324815,0.012663285548281236,36,,balanced,,ratio,RandomForest,1,,,,20,2.0,200.0
0.8426017627045905,0.011170466662139606,40,,balanced,,ratio,RandomForest,1,,,,20,5.0,50.0
0.8477206628648354,0.013363168811072145,14,,balanced,,ratio,RandomForest,1,,,,20,5.0,100.0
0.8494343260787243,0.012029327689213698,3,,balanced,,ratio,RandomForest,1,,,,20,5.0,200.0
0.8429646336491246,0.011307217790241608,39,,balanced_subsample,,ratio,RandomForest,1,,,,,2.0,50.0
0.8451890076211679,0.010398351108127445,29,,balanced_subsample,,ratio,RandomForest,1,,,,,2.0,100.0
0.8490921287339617,0.010987648300088337,6,,balanced_subsample,,ratio,RandomForest,1,,,,,2.0,200.0
0.8437652524869244,0.009978519865421497,38,,balanced_subsample,,ratio,RandomForest,1,,,,,5.0,50.0
0.845181884851485,0.01091531975928855,30,,balanced_subsample,,ratio,RandomForest,1,,,,,5.0,100.0
0.8475347982184029,0.008540540934785318,16,,balanced_subsample,,ratio,RandomForest,1,,,,,5.0,200.0
0.846971332662231,0.0077992962920395035,21,,balanced_subsample,,ratio,RandomForest,1,,,,10,2.0,50.0
0.8483242800674962,0.01194793256042836,11,,balanced_subsample,,ratio,RandomForest,1,,,,10,2.0,100.0
0.8493375720350347,0.008613954100618547,4,,balanced_subsample,,ratio,RandomForest,1,,,,10,2.0,200.0
0.8391690329906962,0.013932403721306717,53,,balanced_subsample,,ratio,RandomForest,1,,,,10,5.0,50.0
0.8472255648500958,0.00807120951313351,18,,balanced_subsample,,ratio,RandomForest,1,,,,10,5.0,100.0
0.8447702433420868,0.009816484034858245,34,,balanced_subsample,,ratio,RandomForest,1,,,,10,5.0,200.0
0.8449846995368937,0.007540485444501646,31,,balanced_subsample,,ratio,RandomForest,1,,,,20,2.0,50.0
0.8448963093810373,0.008870903099994446,33,,balanced_subsample,,ratio,RandomForest,1,,,,20,2.0,100.0
0.8495065366183102,0.009217531930555587,1,,balanced_subsample,,ratio,RandomForest,1,,,,20,2.0,200.0
0.8494940591913656,0.011065137736642796,2,,balanced_subsample,,ratio,RandomForest,1,,,,20,5.0,50.0
0.8449330920186263,0.009404561155963873,32,,balanced_subsample,,ratio,RandomForest,1,,,,20,5.0,100.0
0.8487262693274922,0.008597538571812164,9,,balanced_subsample,,ratio,RandomForest,1,,,,20,5.0,200.0
0.8402288266397363,0.012236719407184671,50,,,,ratio,RandomForest,1,,,,,2.0,50.0
0.8411154868429757,0.010462079203878736,49,,,,ratio,RandomForest,1,,,,,2.0,100.0
0.8413132902633015,0.011707809268032344,48,,,,ratio,RandomForest,1,,,,,2.0,200.0
0.8415354782996582,0.014611343491542228,47,,,,ratio,RandomForest,1,,,,,5.0,50.0
0.8424696502408059,0.012192768594870179,41,,,,ratio,RandomForest,1,,,,,5.0,100.0
0.8419043739914077,0.011360260070857076,44,,,,ratio,RandomForest,1,,,,,5.0,200.0
0.847224243689635,0.008198179386603825,19,,,,ratio,RandomForest,1,,,,10,2.0,50.0
0.8486785412287648,0.006453104925199558,10,,,,ratio,RandomForest,1,,,,10,2.0,100.0
0.8459312418224073,0.006382732786413084,26,,,,ratio,RandomForest,1,,,,10,2.0,200.0
0.8490768624965226,0.007594737732743133,7,,,,ratio,RandomForest,1,,,,10,5.0,50.0
0.8479159336092572,0.008379506737698906,13,,,,ratio,RandomForest,1,,,,10,5.0,100.0
0.8479200603620966,0.009610581770736386,12,,,,ratio,RandomForest,1,,,,10,5.0,200.0
0.8389084932540868,0.00945578797798041,54,,,,ratio,RandomForest,1,,,,20,2.0,50.0
0.8421862653024265,0.01198167677561954,42,,,,ratio,RandomForest,1,,,,20,2.0,100.0
0.8416627049486181,0.012260605577309258,46,,,,ratio,RandomForest,1,,,,20,2.0,200.0
0.8455078210480538,0.013219623991304203,27,,,,ratio,RandomForest,1,,,,20,5.0,50.0
0.8416700488734218,0.013323977596037423,45,,,,ratio,RandomForest,1,,,,20,5.0,100.0
0.8419249898914206,0.010087930297005773,43,,,,ratio,RandomForest,1,,,,20,5.0,200.0
0.8393318866616519,0.0043763618544424825,39,,balanced,,ratio,RandomForest,2,,,,,2.0,50.0
0.8412204006644929,0.002765034278709892,32,,balanced,,ratio,RandomForest,2,,,,,2.0,100.0
0.8425485503905831,0.004896422181189011,18,,balanced,,ratio,RandomForest,2,,,,,2.0,200.0
0.8392615815824872,0.010981415154772457,40,,balanced,,ratio,RandomForest,2,,,,,5.0,50.0
0.8411514644489376,0.006166544926692661,34,,balanced,,ratio,RandomForest,2,,,,,5.0,100.0
0.8437760724501662,0.006015105531447105,11,,balanced,,ratio,RandomForest,2,,,,,5.0,200.0
0.8387112586007625,0.007017550167214109,44,,balanced,,ratio,RandomForest,2,,,,10,2.0,50.0
0.8417100401192202,0.005332922980255578,26,,balanced,,ratio,RandomForest,2,,,,10,2.0,100.0
0.8426174971285878,0.006094610651761342,16,,balanced,,ratio,RandomForest,2,,,,10,2.0,200.0
0.8431391281914694,0.011080360926136871,13,,balanced,,ratio,RandomForest,2,,,,10,5.0,50.0
0.8447345301533998,0.00967810005260504,6,,balanced,,ratio,RandomForest,2,,,,10,5.0,100.0
0.8457742614582386,0.008219876979260094,2,,balanced,,ratio,RandomForest,2,,,,10,5.0,200.0
0.8388169881950789,0.005344001704319081,43,,balanced,,ratio,RandomForest,2,,,,20,2.0,50.0
0.8416947091166559,0.004316485924936973,27,,balanced,,ratio,RandomForest,2,,,,20,2.0,100.0
0.8421035350078517,0.003403151744797773,20,,balanced,,ratio,RandomForest,2,,,,20,2.0,200.0
0.837286544292106,0.00958584660908185,49,,balanced,,ratio,RandomForest,2,,,,20,5.0,50.0
0.8398189411978887,0.005819082994259946,38,,balanced,,ratio,RandomForest,2,,,,20,5.0,100.0
0.8426037089614677,0.007417019866900768,17,,balanced,,ratio,RandomForest,2,,,,20,5.0,200.0
0.8383870268044313,0.004319178958946755,45,,balanced_subsample,,ratio,RandomForest,2,,,,,2.0,50.0
0.8421005477262318,0.003919133077377603,21,,balanced_subsample,,ratio,RandomForest,2,,,,,2.0,100.0
0.8419265452283777,0.0047433790107349735,23,,balanced_subsample,,ratio,RandomForest,2,,,,,2.0,200.0
0.8414634655378117,0.007567613698911426,28,,balanced_subsample,,ratio,RandomForest,2,,,,,5.0,50.0
0.8427314411134755,0.00482045054114871,15,,balanced_subsample,,ratio,RandomForest,2,,,,,5.0,100.0
0.8446376354455003,0.007434328688776895,7,,balanced_subsample,,ratio,RandomForest,2,,,,,5.0,200.0
0.8349982549580869,0.004783959598680616,51,,balanced_subsample,,ratio,RandomForest,2,,,,10,2.0,50.0
0.8379894233546061,0.004237789821134376,47,,balanced_subsample,,ratio,RandomForest,2,,,,10,2.0,100.0
0.8420462618749311,0.006118060331710186,22,,balanced_subsample,,ratio,RandomForest,2,,,,10,2.0,200.0
0.8412089021499918,0.011958895099283773,33,,balanced_subsample,,ratio,RandomForest,2,,,,10,5.0,50.0
0.8412205728972684,0.00967260765651715,31,,balanced_subsample,,ratio,RandomForest,2,,,,10,5.0,100.0
0.8418745211126151,0.009930285562464886,24,,balanced_subsample,,ratio,RandomForest,2,,,,10,5.0,200.0
0.8388511950884047,0.006339414460308843,42,,balanced_subsample,,ratio,RandomForest,2,,,,20,2.0,50.0
0.8412866190945596,0.0053074170859768646,30,,balanced_subsample,,ratio,RandomForest,2,,,,20,2.0,100.0
0.8413516490290804,0.0049209085293043615,29,,balanced_subsample,,ratio,RandomForest,2,,,,20,2.0,200.0
0.8401606853172895,0.0062035609729734435,37,,balanced_subsample,,ratio,RandomForest,2,,,,20,5.0,50.0
0.8421671381143236,0.007155348927741999,19,,balanced_subsample,,ratio,RandomForest,2,,,,20,5.0,100.0
0.8439081228322115,0.007454853657233398,10,,balanced_subsample,,ratio,RandomForest,2,,,,20,5.0,200.0
0.8323424674062163,0.010018056121819618,54,,,,ratio,RandomForest,2,,,,,2.0,50.0
0.8358013944908225,0.0022950619665725275,50,,,,ratio,RandomForest,2,,,,,2.0,100.0
0.8389505736419685,0.005608571763036744,41,,,,ratio,RandomForest,2,,,,,2.0,200.0
0.834474919145811,0.0034005068515388795,52,,,,ratio,RandomForest,2,,,,,5.0,50.0
0.8408588261431718,0.006058546592892989,35,,,,ratio,RandomForest,2,,,,,5.0,100.0
0.8440988731222131,0.007213438461479303,8,,,,ratio,RandomForest,2,,,,,5.0,200.0
0.8434384606001659,0.007465707141459263,12,,,,ratio,RandomForest,2,,,,10,2.0,50.0
0.843908515542101,0.005727191562420459,9,,,,ratio,RandomForest,2,,,,10,2.0,100.0
0.8453310460793759,0.005918075117148684,3,,,,ratio,RandomForest,2,,,,10,2.0,200.0
0.845026146388481,0.010587600881947802,4,,,,ratio,RandomForest,2,,,,10,5.0,50.0
0.8428395529852185,0.007453318750145705,14,,,,ratio,RandomForest,2,,,,10,5.0,100.0
0.8471726381680049,0.007988560294084656,1,,,,ratio,RandomForest,2,,,,10,5.0,200.0
0.8342009649188817,0.004261578247818784,53,,,,ratio,RandomForest,2,,,,20,2.0,50.0
0.8376634053760335,0.002191683297062289,48,,,,ratio,RandomForest,2,,,,20,2.0,100.0
0.8402847148067172,0.007519581452946276,36,,,,ratio,RandomForest,2,,,,20,2.0,200.0
0.8380226990325805,0.013360769879179552,46,,,,ratio,RandomForest,2,,,,20,5.0,50.0
0.8417513942112267,0.005940112532068102,25,,,,ratio,RandomForest,2,,,,20,5.0,100.0
0.8449366796044483,0.006108869536760275,5,,,,ratio,RandomForest,2,,,,20,5.0,200.0
0.8401841821283774,0.00867853021430995,48,,balanced,,ratio,RandomForest,3,,,,,2.0,50.0
0.8418119618942832,0.01163154427686997,42,,balanced,,ratio,RandomForest,3,,,,,2.0,100.0
0.843593456719697,0.011785721746414976,30,,balanced,,ratio,RandomForest,3,,,,,2.0,200.0
0.84410147582915,0.011274794457291678,26,,balanced,,ratio,RandomForest,3,,,,,5.0,50.0
0.8442492989136337,0.013904072867825232,25,,balanced,,ratio,RandomForest,3,,,,,5.0,100.0
0.8448135467734911,0.013061552291120137,21,,balanced,,ratio,RandomForest,3,,,,,5.0,200.0
0.8392660399734249,0.011271710894261166,52,,balanced,,ratio,RandomForest,3,,,,10,2.0,50.0
0.840795792336922,0.01616965871281572,46,,balanced,,ratio,RandomForest,3,,,,10,2.0,100.0
0.8444379337341166,0.013399718613801969,23,,balanced,,ratio,RandomForest,3,,,,10,2.0,200.0
0.843753275881561,0.014932064204760481,28,,balanced,,ratio,RandomForest,3,,,,10,5.0,50.0
0.847895295337097,0.010395562866848885,4,,balanced,,ratio,RandomForest,3,,,,10,5.0,100.0
0.8470692221057909,0.008547541941758148,7,,balanced,,ratio,RandomForest,3,,,,10,5.0,200.0
0.836563745574639,0.00877639372834137,54,,balanced,,ratio,RandomForest,3,,,,20,2.0,50.0
0.8396737792382899,0.00894629669066721,50,,balanced,,ratio,RandomForest,3,,,,20,2.0,100.0
0.842402494303528,0.009440302892044809,36,,balanced,,ratio,RandomForest,3,,,,20,2.0,200.0
0.8419412026614743,0.011730672579474941,38,,balanced,,ratio,RandomForest,3,,,,20,5.0,50.0
0.8419091351280865,0.012130556719723974,39,,balanced,,ratio,RandomForest,3,,,,20,5.0,100.0
0.8460088789888731,0.012444191996128407,14,,balanced,,ratio,RandomForest,3,,,,20,5.0,200.0
0.8418380882724692,0.014024202894837523,40,,balanced_subsample,,ratio,RandomForest,3,,,,,2.0,50.0
0.8457680566733113,0.01335891456951278,15,,balanced_subsample,,ratio,RandomForest,3,,,,,2.0,100.0
0.845042327446888,0.012571455045520102,19,,balanced_subsample,,ratio,RandomForest,3,,,,,2.0,200.0
0.8411584310687685,0.010810783668027651,44,,balanced_subsample,,ratio,RandomForest,3,,,,,5.0,50.0
0.8461437103023961,0.014841245616132127,12,,balanced_subsample,,ratio,RandomForest,3,,,,,5.0,100.0
0.8453102684693856,0.011910613721188519,17,,balanced_subsample,,ratio,RandomForest,3,,,,,5.0,200.0
0.8422805952245879,0.01596029268259775,37,,balanced_subsample,,ratio,RandomForest,3,,,,10,2.0,50.0
0.8490755075655869,0.010518288475792816,2,,balanced_subsample,,ratio,RandomForest,3,,,,10,2.0,100.0
0.8495190387421564,0.008975513834425368,1,,balanced_subsample,,ratio,RandomForest,3,,,,10,2.0,200.0
0.847120696264273,0.012638896664686178,6,,balanced_subsample,,ratio,RandomForest,3,,,,10,5.0,50.0
0.8480501699873718,0.010689533467130764,3,,balanced_subsample,,ratio,RandomForest,3,,,,10,5.0,100.0
0.8470198639837424,0.010221161489692644,9,,balanced_subsample,,ratio,RandomForest,3,,,,10,5.0,200.0
0.8418310509586556,0.011479899736254075,41,,balanced_subsample,,ratio,RandomForest,3,,,,20,2.0,50.0
0.8466298066882813,0.012040098040978607,10,,balanced_subsample,,ratio,RandomForest,3,,,,20,2.0,100.0
0.8460688559818411,0.012197872043033648,13,,balanced_subsample,,ratio,RandomForest,3,,,,20,2.0,200.0
0.8401287950572314,0.011765853667998032,49,,balanced_subsample,,ratio,RandomForest,3,,,,20,5.0,50.0
0.8449051336003072,0.011240974345147833,20,,balanced_subsample,,ratio,RandomForest,3,,,,20,5.0,100.0
0.84356824088689,0.010599989758139255,31,,balanced_subsample,,ratio,RandomForest,3,,,,20,5.0,200.0
0.8390297283306831,0.012622391723479924,53,,,,ratio,RandomForest,3,,,,,2.0,50.0
0.8414220032063886,0.009870672560697085,43,,,,ratio,RandomForest,3,,,,,2.0,100.0
0.8427192395127963,0.011357147450448742,34,,,,ratio,RandomForest,3,,,,,2.0,200.0
0.8440249616896477,0.006687895916764241,27,,,,ratio,RandomForest,3,,,,,5.0,50.0
0.844324822654962,0.008459065698084797,24,,,,ratio,RandomForest,3,,,,,5.0,100.0
0.8434179968244324,0.00907869257118482,32,,,,ratio,RandomForest,3,,,,,5.0,200.0
0.8425614623279245,0.010114521365179267,35,,,,ratio,RandomForest,3,,,,10,2.0,50.0
0.8436024586024811,0.010688664678579554,29,,,,ratio,RandomForest,3,,,,10,2.0,100.0
0.8452295969921556,0.009795289143930516,18,,,,ratio,RandomForest,3,,,,10,2.0,200.0
0.8465448820865509,0.010238099130285531,11,,,,ratio,RandomForest,3,,,,10,5.0,50.0
0.8472389932742406,0.010726730928528062,5,,,,ratio,RandomForest,3,,,,10,5.0,100.0
0.8455050805418709,0.009091343365041695,16,,,,ratio,RandomForest,3,,,,10,5.0,200.0
0.839554000704555,0.013729483505964719,51,,,,ratio,RandomForest,3,,,,20,2.0,50.0
0.8404150658056592,0.01368074862793467,47,,,,ratio,RandomForest,3,,,,20,2.0,100.0
0.8410106901316468,0.012645394006784983,45,,,,ratio,RandomForest,3,,,,20,2.0,200.0
0.8427931226743082,0.005550172452485956,33,,,,ratio,RandomForest,3,,,,20,5.0,50.0
0.84703411429744,0.009485006344845587,8,,,,ratio,RandomForest,3,,,,20,5.0,100.0
0.8447995056279722,0.011086688433869356,22,,,,ratio,RandomForest,3,,,,20,5.0,200.0
0.7287108569208716,0.029816988155573477,10,0.01,balanced,liblinear,threshold,LogisticRegression,1,,,,,,
0.7407076773915038,0.031130656821044916,9,0.01,balanced,lbfgs,threshold,LogisticRegression,1,,,,,,
0.8412062166954681,0.005925426766506064,1,0.01,,liblinear,threshold,LogisticRegression,1,,,,,,
0.8352355616544894,0.008286512458292294,8,0.01,,lbfgs,threshold,LogisticRegression,1,,,,,,
0.716370426154356,0.03042895188267322,12,0.1,balanced,liblinear,threshold,LogisticRegression,1,,,,,,
0.7174623972635426,0.02988181350545668,11,0.1,balanced,lbfgs,threshold,LogisticRegression,1,,,,,,
0.8374215151977529,0.006436841687678339,3,0.1,,liblinear,threshold,LogisticRegression,1,,,,,,
0.837736600782228,0.005841345967701729,2,0.1,,lbfgs,threshold,LogisticRegression,1,,,,,,
0.7113129789298773,0.029451981002927306,16,1.0,balanced,liblinear,threshold,LogisticRegression,1,,,,,,
0.7120872471740252,0.029480331563599794,13,1.0,balanced,lbfgs,threshold,LogisticRegression,1,,,,,,
0.8370848095096848,0.0049558279379623,4,1.0,,liblinear,threshold,LogisticRegression,1,,,,,,
0.8370848095096848,0.0049558279379623,4,1.0,,lbfgs,threshold,LogisticRegression,1,,,,,,
0.7120682251941057,0.03018488326884575,14,10.0,balanced,liblinear,threshold,LogisticRegression,1,,,,,,
0.7120682251941057,0.03018488326884575,14,10.0,balanced,lbfgs,threshold,LogisticRegression,1,,,,,,
0.8370848095096848,0.0049558279379623,4,10.0,,liblinear,threshold,LogisticRegression,1,,,,,,
0.8370848095096848,0.0049558279379623,4,10.0,,lbfgs,threshold,LogisticRegression,1,,,,,,
0.7071745370898049,0.017073313823347112,10,0.01,balanced,liblinear,threshold,LogisticRegression,2,,,,,,
0.7202798064539836,0.006210835732034427,9,0.01,balanced,lbfgs,threshold,LogisticRegression,2,,,,,,
0.8308020916399542,0.005703390716026042,3,0.01,,liblinear,threshold,LogisticRegression,2,,,,,,
0.8268064447729102,0.006563463136669615,8,0.01,,lbfgs,threshold,LogisticRegression,2,,,,,,
0.6970627990514697,0.019059709167288247,11,0.1,balanced,liblinear,threshold,LogisticRegression,2,,,,,,
0.6969829795130348,0.019592537848900013,12,0.1,balanced,lbfgs,threshold,LogisticRegression,2,,,,,,
0.8309677854604238,0.006678040136184569,2,0.1,,liblinear,threshold,LogisticRegression,2,,,,,,
0.8315542516258374,0.006434082516226178,1,0.1,,lbfgs,threshold,LogisticRegression,2,,,,,,
0.6953975804250064,0.022779350897227893,13,1.0,balanced,liblinear,threshold,LogisticRegression,2,,,,,,
0.6953975804250064,0.022779350897227893,13,1.0,balanced,lbfgs,threshold,LogisticRegression,2,,,,,,
0.830392076061185,0.006988737998871613,4,1.0,,liblinear,threshold,LogisticRegression,2,,,,,,
0.830392076061185,0.006988737998871613,4,1.0,,lbfgs,threshold,LogisticRegression,2,,,,,,
0.6953975804250064,0.022779350897227893,13,10.0,balanced,liblinear,threshold,LogisticRegression,2,,,,,,
0.6953975804250064,0.022779350897227893,13,10.0,balanced,lbfgs,threshold,LogisticRegression,2,,,,,,
0.830392076061185,0.006988737998871613,4,10.0,,liblinear,threshold,LogisticRegression,2,,,,,,
0.830392076061185,0.006988737998871613,4,10.0,,lbfgs,threshold,LogisticRegression,2,,,,,,
0.7326843831618608,0.019984605067800674,10,0.01,balanced,liblinear,threshold,LogisticRegression,3,,,,,,
0.738351199367757,0.0217676851256674,9,0.01,balanced,lbfgs,threshold,LogisticRegression,3,,,,,,
0.8341705082128879,0.010371906545989695,1,0.01,,liblinear,threshold,LogisticRegression,3,,,,,,
0.833103964118798,0.009114505358682875,2,0.01,,lbfgs,threshold,LogisticRegression,3,,,,,,
0.7242796334329811,0.013737873635865505,12,0.1,balanced,liblinear,threshold,LogisticRegression,3,,,,,,
0.7253745204372433,0.012637343477357316,11,0.1,balanced,lbfgs,threshold,LogisticRegression,3,,,,,,
0.8313896347499924,0.007597355778250697,8,0.1,,liblinear,threshold,LogisticRegression,3,,,,,,
0.832548429305891,0.008309189265026322,3,0.1,,lbfgs,threshold,LogisticRegression,3,,,,,,
0.7219313552119568,0.013803458787146814,13,1.0,balanced,liblinear,threshold,LogisticRegression,3,,,,,,
0.7219313552119568,0.013803458787146814,13,1.0,balanced,lbfgs,threshold,LogisticRegression,3,,,,,,
0.8314655932954306,0.009060395043387534,6,1.0,,liblinear,threshold,LogisticRegression,3,,,,,,
0.8314655932954306,0.009060395043387534,6,1.0,,lbfgs,threshold,LogisticRegression,3,,,,,,
0.7211803309552409,0.013298594344727624,15,10.0,balanced,liblinear,threshold,LogisticRegression,3,,,,,,
0.7211803309552409,0.013298594344727624,15,10.0,balanced,lbfgs,threshold,LogisticRegression,3,,,,,,
0.8318845459138844,0.009390881462080355,4,10.0,,liblinear,threshold,LogisticRegression,3,,,,,,
0.8318845459138844,0.009390881462080355,4,10.0,,lbfgs,threshold,LogisticRegression,3,,,,,,
0.8074416205618604,0.010620657345301486,20,,,,threshold,KNN,1,euclidean,3.0,uniform,,,
0.807698334992577,0.013462031937469714,19,,,,threshold,KNN,1,euclidean,3.0,distance,,,
0.819594614909039,0.013204116904755628,14,,,,threshold,KNN,1,euclidean,5.0,uniform,,,
0.818843890324963,0.01286119461138379,15,,,,threshold,KNN,1,euclidean,5.0,distance,,,
0.8293961334390791,0.01012126244558457,11,,,,threshold,KNN,1,euclidean,7.0,uniform,,,
0.8287120907067325,0.009194111883720782,12,,,,threshold,KNN,1,euclidean,7.0,distance,,,
0.8341944075247347,0.010086792830721275,7,,,,threshold,KNN,1,euclidean,9.0,uniform,,,
0.8351483700309842,0.009045728982991932,4,,,,threshold,KNN,1,euclidean,9.0,distance,,,
0.8332117612987835,0.013104126109327078,8,,,,threshold,KNN,1,euclidean,11.0,uniform,,,
0.8343274305841177,0.012590277744435434,6,,,,threshold,KNN,1,euclidean,11.0,distance,,,
0.8087561521021696,0.014579724903395463,17,,,,threshold,KNN,1,manhattan,3.0,uniform,,,
0.808044922274831,0.008937429268700156,18,,,,threshold,KNN,1,manhattan,3.0,distance,,,
0.8208758438272546,0.008480183309431896,13,,,,threshold,KNN,1,manhattan,5.0,uniform,,,
0.814748825716768,0.011129431176401966,16,,,,threshold,KNN,1,manhattan,5.0,distance,,,
0.8374367987901822,0.007548137771220859,2,,,,threshold,KNN,1,manhattan,7.0,uniform,,,
0.8315547407789147,0.006928300821836772,10,,,,threshold,KNN,1,manhattan,7.0,distance,,,
0.8348069535571545,0.01047035289358406,5,,,,threshold,KNN,1,manhattan,9.0,uniform,,,
0.8325094083921808,0.01439577084831967,9,,,,threshold,KNN,1,manhattan,9.0,distance,,,
0.8360163865625182,0.005294085094914167,3,,,,threshold,KNN,1,manhattan,11.0,uniform,,,
0.8379443624788238,0.008388105250678375,1,,,,threshold,KNN,1,manhattan,11.0,distance,,,
0.7899252969331658,0.016453938651113442,18,,,,threshold,KNN,2,euclidean,3.0,uniform,,,
0.7912563798237036,0.015840914748391444,17,,,,threshold,KNN,2,euclidean,3.0,distance,,,
0.807150895352153,0.011082838753302567,13,,,,threshold,KNN,2,euclidean,5.0,uniform,,,
0.8059207888659545,0.011329736883992145,15,,,,threshold,KNN,2,euclidean,5.0,distance,,,
0.8223038305461519,0.00415010520078864,11,,,,threshold,KNN,2,euclidean,7.0,uniform,,,
0.819917050289544,0.006540382596870134,12,,,,threshold,KNN,2,euclidean,7.0,distance,,,
0.830769365128704,0.005698040146916291,3,,,,threshold,KNN,2,euclidean,9.0,uniform,,,
0.8290211746255117,0.006142372272393199,6,,,,threshold,KNN,2,euclidean,9.0,distance,,,
0.830037606755344,0.011230488410053313,4,,,,threshold,KNN,2,euclidean,11.0,uniform,,,
0.8295575846200759,0.00931789257271938,5,,,,threshold,KNN,2,euclidean,11.0,distance,,,
0.7818956064859393,0.017270085708386434,19,,,,threshold,KNN,2,manhattan,3.0,uniform,,,
0.7795581015787691,0.017204183742906005,20,,,,threshold,KNN,2,manhattan,3.0,distance,,,
0.8045761364697641,0.010691252907202624,16,,,,threshold,KNN,2,manhattan,5.0,uniform,,,
0.8068744383076615,0.007964809970984725,14,,,,threshold,KNN,2,manhattan,5.0,distance,,,
0.8251574062742628,0.0090467416055746,10,,,,threshold,KNN,2,manhattan,7.0,uniform,,,
0.8251968752942392,0.0054094808363304644,9,,,,threshold,KNN,2,manhattan,7.0,distance,,,
0.8289122210102107,0.012833606460484356,7,,,,threshold,KNN,2,manhattan,9.0,uniform,,,
0.8282669482908951,0.0067811819126017666,8,,,,threshold,KNN,2,manhattan,9.0,distance,,,
0.8321915354308895,0.010330992614664452,1,,,,threshold,KNN,2,manhattan,11.0,uniform,,,
0.8320225848492463,0.0032829351549283274,2,,,,threshold,KNN,2,manhattan,11.0,distance,,,
0.7928511938326053,0.02037768558377224,17,,,,threshold,KNN,3,euclidean,3.0,uniform,,,
0.7905531119645721,0.0231502339158374,18,,,,threshold,KNN,3,euclidean,3.0,distance,,,
0.8133837944150658,0.012972855376119353,13,,,,threshold,KNN,3,euclidean,5.0,uniform,,,
0.8110337437873458,0.017641041391818414,14,,,,threshold,KNN,3,euclidean,5.0,distance,,,
0.8236757123041718,0.01253780032155505,10,,,,threshold,KNN,3,euclidean,7.0,uniform,,,
0.821734069838767,0.01606180027431949,12,,,,threshold,KNN,3,euclidean,7.0,distance,,,
0.8274957083880692,0.012702468788347274,3,,,,threshold,KNN,3,euclidean,9.0,uniform,,,
0.8266060703971224,0.01492664239014645,5,,,,threshold,KNN,3,euclidean,9.0,distance,,,
0.8321284253695609,0.012492331379204764,1,,,,threshold,KNN,3,euclidean,11.0,uniform,,,
0.8301042415736619,0.01596174475014542,2,,,,threshold,KNN,3,euclidean,11.0,distance,,,
0.7868841849393078,0.018016240490523302,19,,,,threshold,KNN,3,manhattan,3.0,uniform,,,
0.7868545725605418,0.019994696075053452,20,,,,threshold,KNN,3,manhattan,3.0,distance,,,
0.8081648618265426,0.008932846126728284,15,,,,threshold,KNN,3,manhattan,5.0,uniform,,,
0.8063543175158546,0.012385902305623113,16,,,,threshold,KNN,3,manhattan,5.0,distance,,,
0.825693575441419,0.011052108036203705,7,,,,threshold,KNN,3,manhattan,7.0,uniform,,,
0.8217613428385736,0.019755610417242095,11,,,,threshold,KNN,3,manhattan,7.0,distance,,,
0.8268332075418485,0.013207420535537065,4,,,,threshold,KNN,3,manhattan,9.0,uniform,,,
0.8239659098171911,0.01757875977764664,9,,,,threshold,KNN,3,manhattan,9.0,distance,,,
0.8257731010138946,0.009427970340897195,6,,,,threshold,KNN,3,manhattan,11.0,uniform,,,
0.8252247716994084,0.016574971294370338,8,,,,threshold,KNN,3,manhattan,11.0,distance,,,
0.8334568039189474,0.009082474040453734,51,,balanced,,threshold,RandomForest,1,,,,,2.0,50.0
0.8389170598569515,0.011842480886580973,24,,balanced,,threshold,RandomForest,1,,,,,2.0,100.0
0.8384229795617719,0.01100656191154537,30,,balanced,,threshold,RandomForest,1,,,,,2.0,200.0
0.8393893920290294,0.012379465950871497,20,,balanced,,threshold,RandomForest,1,,,,,5.0,50.0
0.8387016294635969,0.011192325406581596,26,,balanced,,threshold,RandomForest,1,,,,,5.0,100.0
0.8397180919422397,0.01079275439387092,16,,balanced,,threshold,RandomForest,1,,,,,5.0,200.0
0.8383959296266864,0.014352613956868385,31,,balanced,,threshold,RandomForest,1,,,,10,2.0,50.0
0.8351120756070539,0.010552063170631681,47,,balanced,,threshold,RandomForest,1,,,,10,2.0,100.0
0.837921629636481,0.015348169780049123,34,,balanced,,threshold,RandomForest,1,,,,10,2.0,200.0
0.8367120580387167,0.014819805379059942,40,,balanced,,threshold,RandomForest,1,,,,10,5.0,50.0
0.839532952228255,0.010429514017224785,19,,balanced,,threshold,RandomForest,1,,,,10,5.0,100.0
0.8418427966392157,0.012055689727434059,5,,balanced,,threshold,RandomForest,1,,,,10,5.0,200.0
0.8372473166310007,0.012448255397236728,37,,balanced,,threshold,RandomForest,1,,,,20,2.0,50.0
0.8421158280830598,0.011045833230678401,2,,balanced,,threshold,RandomForest,1,,,,20,2.0,100.0
0.8385922022039974,0.010478592376531605,29,,balanced,,threshold,RandomForest,1,,,,20,2.0,200.0
0.8396858846911671,0.00963158687483412,17,,balanced,,threshold,RandomForest,1,,,,20,5.0,50.0
0.8406269914599098,0.009106549838816756,10,,balanced,,threshold,RandomForest,1,,,,20,5.0,100.0
0.838973552424395,0.010567423593239145,23,,balanced,,threshold,RandomForest,1,,,,20,5.0,200.0
0.8336720590863136,0.009470894694195865,50,,balanced_subsample,,threshold,RandomForest,1,,,,,2.0,50.0
0.8367862521880326,0.010850357205587462,39,,balanced_subsample,,threshold,RandomForest,1,,,,,2.0,100.0
0.8361368909921039,0.0110001606641778,42,,balanced_subsample,,threshold,RandomForest,1,,,,,2.0,200.0
0.8416177778591262,0.010116358078187646,7,,balanced_subsample,,threshold,RandomForest,1,,,,,5.0,50.0
0.8395344033793857,0.009229644375540792,18,,balanced_subsample,,threshold,RandomForest,1,,,,,5.0,100.0
0.8404211785023092,0.012983816429071105,11,,balanced_subsample,,threshold,RandomForest,1,,,,,5.0,200.0
0.8399860280344926,0.012631450602480058,14,,balanced_subsample,,threshold,RandomForest,1,,,,10,2.0,50.0
0.8382496280091379,0.009534047859171505,32,,balanced_subsample,,threshold,RandomForest,1,,,,10,2.0,100.0
0.8416552644967135,0.009626593096251483,6,,balanced_subsample,,threshold,RandomForest,1,,,,10,2.0,200.0
0.837816416491259,0.00888708962599151,35,,balanced_subsample,,threshold,RandomForest,1,,,,10,5.0,50.0
0.841917534345859,0.008683792047383765,4,,balanced_subsample,,threshold,RandomForest,1,,,,10,5.0,100.0
0.8399981916825032,0.011872810251453446,13,,balanced_subsample,,threshold,RandomForest,1,,,,10,5.0,200.0
0.8339268580053588,0.011280244489561856,49,,balanced_subsample,,threshold,RandomForest,1,,,,20,2.0,50.0
0.833964547084307,0.012906376395126673,48,,balanced_subsample,,threshold,RandomForest,1,,,,20,2.0,100.0
0.8369044004241373,0.011553578681173158,38,,balanced_subsample,,threshold,RandomForest,1,,,,20,2.0,200.0
0.842011055763332,0.00819068986848347,3,,balanced_subsample,,threshold,RandomForest,1,,,,20,5.0,50.0
0.8399032110218216,0.008907304809882723,15,,balanced_subsample,,threshold,RandomForest,1,,,,20,5.0,100.0
0.8391167211840855,0.01060338699379033,21,,balanced_subsample,,threshold,RandomForest,1,,,,20,5.0,200.0
0.8314151852810578,0.013440823234615162,53,,,,threshold,RandomForest,1,,,,,2.0,50.0
0.8359177821913584,0.009163144150048775,44,,,,threshold,RandomForest,1,,,,,2.0,100.0
0.8352544477571957,0.01145901662934571,46,,,,threshold,RandomForest,1,,,,,2.0,200.0
0.8376827391627417,0.01227415834352638,36,,,,threshold,RandomForest,1,,,,,5.0,50.0
0.8391029074389273,0.010977556919558753,22,,,,threshold,RandomForest,1,,,,,5.0,100.0
0.8386807187905981,0.01289077572674782,27,,,,threshold,RandomForest,1,,,,,5.0,200.0
0.8354150340011179,0.014875305288967121,45,,,,threshold,RandomForest,1,,,,10,2.0,50.0
0.8388055158500002,0.010399207972165243,25,,,,threshold,RandomForest,1,,,,10,2.0,100.0
0.8403724450189953,0.010526475913760519,12,,,,threshold,RandomForest,1,,,,10,2.0,200.0
0.8412491398601484,0.007952864109426113,8,,,,threshold,RandomForest,1,,,,10,5.0,50.0
0.8408228964566877,0.006662106519267467,9,,,,threshold,RandomForest,1,,,,10,5.0,100.0
0.8428515636957288,0.008727198793903379,1,,,,threshold,RandomForest,1,,,,10,5.0,200.0
0.8313060956617528,0.015022829694064248,54,,,,threshold,RandomForest,1,,,,20,2.0,50.0
0.8330237548923181,0.011066046580595098,52,,,,threshold,RandomForest,1,,,,20,2.0,100.0
0.8360288482504341,0.012520923575805174,43,,,,threshold,RandomForest,1,,,,20,2.0,200.0
0.8363634572646346,0.009371920444331088,41,,,,threshold,RandomForest,1,,,,20,5.0,50.0
0.8382468445193524,0.010860165850090418,33,,,,threshold,RandomForest,1,,,,20,5.0,100.0
0.8386678113389479,0.013234329265653292,28,,,,threshold,RandomForest,1,,,,20,5.0,200.0
0.835944289918529,0.005188855747484516,41,,balanced,,threshold,RandomForest,2,,,,,2.0,50.0
0.8400126898095814,0.003029561599284396,10,,balanced,,threshold,RandomForest,2,,,,,2.0,100.0
0.8367076345892572,0.002476766259606952,34,,balanced,,threshold,RandomForest,2,,,,,2.0,200.0
0.8361273849569336,0.004477890353105055,39,,balanced,,threshold,RandomForest,2,,,,,5.0,50.0
0.8366468351177438,0.0027556530487495303,35,,balanced,,threshold,RandomForest,2,,,,,5.0,100.0
0.8389458460628662,0.006568839211402133,18,,balanced,,threshold,RandomForest,2,,,,,5.0,200.0
0.8395911120458927,0.006276629922185586,14,,balanced,,threshold,RandomForest,2,,,,10,2.0,50.0
0.8384899293764725,0.005810100022332808,20,,balanced,,threshold,RandomForest,2,,,,10,2.0,100.0
0.8424891908646204,0.007356639121947577,3,,balanced,,threshold,RandomForest,2,,,,10,2.0,200.0
0.835045609152752,0.014468414080292327,45,,balanced,,threshold,RandomForest,2,,,,10,5.0,50.0
0.8373703709917774,0.011762258338002169,28,,balanced,,threshold,RandomForest,2,,,,10,5.0,100.0
0.8376351970950499,0.013080503183214019,24,,balanced,,threshold,RandomForest,2,,,,10,5.0,200.0
0.8375072310703775,0.00647590219973782,26,,balanced,,threshold,RandomForest,2,,,,20,2.0,50.0
0.8398705915470899,0.004995855975727398,11,,balanced,,threshold,RandomForest,2,,,,20,2.0,100.0
0.8391612519548828,0.004325083325519833,16,,balanced,,threshold,RandomForest,2,,,,20,2.0,200.0
0.8367091164032965,0.006767247323707105,33,,balanced,,threshold,RandomForest,2,,,,20,5.0,50.0
0.8374968936793021,0.007755997009675255,27,,balanced,,threshold,RandomForest,2,,,,20,5.0,100.0
0.8391263894542698,0.008362793897117202,17,,balanced,,threshold,RandomForest,2,,,,20,5.0,200.0
0.8355022453065507,0.010100258311108007,43,,balanced_subsample,,threshold,RandomForest,2,,,,,2.0,50.0
0.8385083916880658,0.0042826693682275745,19,,balanced_subsample,,threshold,RandomForest,2,,,,,2.0,100.0
0.8373335539438503,0.00712364154239071,29,,balanced_subsample,,threshold,RandomForest,2,,,,,2.0,200.0
0.8283859525780759,0.008856677485399115,54,,balanced_subsample,,threshold,RandomForest,2,,,,,5.0,50.0
0.8364419308447605,0.00829890080879368,38,,balanced_subsample,,threshold,RandomForest,2,,,,,5.0,100.0
0.8378658404610034,0.00829117844233647,21,,balanced_subsample,,threshold,RandomForest,2,,,,,5.0,200.0
0.8396406055866148,0.006965742577513034,13,,balanced_subsample,,threshold,RandomForest,2,,,,10,2.0,50.0
0.8409169616443555,0.008249397198195904,7,,balanced_subsample,,threshold,RandomForest,2,,,,10,2.0,100.0
0.8407312327677452,0.010474246473812994,8,,balanced_subsample,,threshold,RandomForest,2,,,,10,2.0,200.0
0.8334560439529272,0.010969950386718367,48,,balanced_subsample,,threshold,RandomForest,2,,,,10,5.0,50.0
0.8377152099370496,0.015051138768608908,22,,balanced_subsample,,threshold,RandomForest,2,,,,10,5.0,100.0
0.8410541959799351,0.01056828998848906,6,,balanced_subsample,,threshold,RandomForest,2,,,,10,5.0,200.0
0.8365094697597477,0.006765623699107539,36,,balanced_subsample,,threshold,RandomForest,2,,,,20,2.0,50.0
0.8410730182315465,0.005576446604633841,5,,balanced_subsample,,threshold,RandomForest,2,,,,20,2.0,100.0
0.837589318765224,0.006739115891806676,25,,balanced_subsample,,threshold,RandomForest,2,,,,20,2.0,200.0
0.8314897613311476,0.009676401188536823,53,,balanced_subsample,,threshold,RandomForest,2,,,,20,5.0,50.0
0.8370437219318744,0.009115392959577586,30,,balanced_subsample,,threshold,RandomForest,2,,,,20,5.0,100.0
0.8398079451560749,0.0061641488187766085,12,,balanced_subsample,,threshold,RandomForest,2,,,,20,5.0,200.0
0.8318889141077527,0.009295537928162304,52,,,,threshold,RandomForest,2,,,,,2.0,50.0
0.8355230437478498,0.006127584387524984,42,,,,threshold,RandomForest,2,,,,,2.0,100.0
0.8321983584812042,0.008952040142826568,51,,,,threshold,RandomForest,2,,,,,2.0,200.0
0.8335543754155947,0.0068648942561584155,47,,,,threshold,RandomForest,2,,,,,5.0,50.0
0.8332955581822397,0.006761248328004056,49,,,,threshold,RandomForest,2,,,,,5.0,100.0
0.8352317655546917,0.008355215006701649,44,,,,threshold,RandomForest,2,,,,,5.0,200.0
0.8365007986641947,0.009749577344337552,37,,,,threshold,RandomForest,2,,,,10,2.0,50.0
0.8403421433664539,0.008080532412483308,9,,,,threshold,RandomForest,2,,,,10,2.0,100.0
0.8393805543023092,0.008295429942241656,15,,,,threshold,RandomForest,2,,,,10,2.0,200.0
0.8418484217524786,0.0074932574964023365,4,,,,threshold,RandomForest,2,,,,10,5.0,50.0
0.842779784062891,0.009180341439598038,2,,,,threshold,RandomForest,2,,,,10,5.0,100.0
0.8430051258504678,0.00973254721438477,1,,,,threshold,RandomForest,2,,,,10,5.0,200.0
0.8370053548878138,0.0034368849257771835,31,,,,threshold,RandomForest,2,,,,20,2.0,50.0
0.8369796285464416,0.006635529664276412,32,,,,threshold,RandomForest,2,,,,20,2.0,100.0
0.8376935613910931,0.008094249835174268,23,,,,threshold,RandomForest,2,,,,20,2.0,200.0
0.8322975805526778,0.007156099401616765,50,,,,threshold,RandomForest,2,,,,20,5.0,50.0
0.8344137632086006,0.004707258508308598,46,,,,threshold,RandomForest,2,,,,20,5.0,100.0
0.8359802330625395,0.006565690232915344,40,,,,threshold,RandomForest,2,,,,20,5.0,200.0
0.8337268727197242,0.009435839791484373,51,,balanced,,threshold,RandomForest,3,,,,,2.0,50.0
0.840205092718473,0.010840487561316454,7,,balanced,,threshold,RandomForest,3,,,,,2.0,100.0
0.8398867712737627,0.010120146162396156,11,,balanced,,threshold,RandomForest,3,,,,,2.0,200.0
0.8373838013868291,0.010372716912135982,29,,balanced,,threshold,RandomForest,3,,,,,5.0,50.0
0.8377683776589617,0.013050968495629546,24,,balanced,,threshold,RandomForest,3,,,,,5.0,100.0
0.8384094436790719,0.01370412937862817,18,,balanced,,threshold,RandomForest,3,,,,,5.0,200.0
0.8368661053683631,0.012212162607616418,34,,balanced,,threshold,RandomForest,3,,,,10,2.0,50.0
0.8359773798363037,0.011565216058480583,45,,balanced,,threshold,RandomForest,3,,,,10,2.0,100.0
0.8368851571196613,0.012356455380660407,33,,balanced,,threshold,RandomForest,3,,,,10,2.0,200.0
0.8360706276866487,0.018447762197067324,43,,balanced,,threshold,RandomForest,3,,,,10,5.0,50.0
0.836863800611483,0.015544732983944242,35,,balanced,,threshold,RandomForest,3,,,,10,5.0,100.0
0.8376117031760038,0.012088124169573973,27,,balanced,,threshold,RandomForest,3,,,,10,5.0,200.0
0.8345882502033188,0.009804993288065672,49,,balanced,,threshold,RandomForest,3,,,,20,2.0,50.0
0.8387987732584327,0.010915797716276949,15,,balanced,,threshold,RandomForest,3,,,,20,2.0,100.0
0.8370166929942453,0.011333139029605331,32,,balanced,,threshold,RandomForest,3,,,,20,2.0,200.0
0.8382578578747111,0.012642208245182392,19,,balanced,,threshold,RandomForest,3,,,,20,5.0,50.0
0.8387709418969573,0.013224055725875167,17,,balanced,,threshold,RandomForest,3,,,,20,5.0,100.0
0.8388322124346888,0.013754386267202072,14,,balanced,,threshold,RandomForest,3,,,,20,5.0,200.0
0.8377645710196372,0.014690434227166956,25,,balanced_subsample,,threshold,RandomForest,3,,,,,2.0,50.0
0.8399924261796794,0.01645530459990812,10,,balanced_subsample,,threshold,RandomForest,3,,,,,2.0,100.0
0.8363449250191529,0.014056990819704112,39,,balanced_subsample,,threshold,RandomForest,3,,,,,2.0,200.0
0.8362236131747552,0.015666595556487892,42,,balanced_subsample,,threshold,RandomForest,3,,,,,5.0,50.0
0.8431640456640542,0.014797927425394493,2,,balanced_subsample,,threshold,RandomForest,3,,,,,5.0,100.0
0.8421577178784142,0.012187143757512755,5,,balanced_subsample,,threshold,RandomForest,3,,,,,5.0,200.0
0.8362752888104739,0.010209115043261734,40,,balanced_subsample,,threshold,RandomForest,3,,,,10,2.0,50.0
0.8342762293201975,0.012036098051219553,50,,balanced_subsample,,threshold,RandomForest,3,,,,10,2.0,100.0
0.8357024293965228,0.013169562668749978,48,,balanced_subsample,,threshold,RandomForest,3,,,,10,2.0,200.0
0.8359125975086226,0.014095921360706249,47,,balanced_subsample,,threshold,RandomForest,3,,,,10,5.0,50.0
0.8373413845043631,0.012253951016775313,30,,balanced_subsample,,threshold,RandomForest,3,,,,10,5.0,100.0
0.8379531078604785,0.009986439775251411,23,,balanced_subsample,,threshold,RandomForest,3,,,,10,5.0,200.0
0.8398221366237267,0.014021760204045334,12,,balanced_subsample,,threshold,RandomForest,3,,,,20,2.0,50.0
0.8423087506926373,0.01551841561787046,4,,balanced_subsample,,threshold,RandomForest,3,,,,20,2.0,100.0
0.839736625154661,0.01246093707150938,13,,balanced_subsample,,threshold,RandomForest,3,,,,20,2.0,200.0
0.8362240283739718,0.015183664402364998,41,,balanced_subsample,,threshold,RandomForest,3,,,,20,5.0,50.0
0.8425738392263151,0.012248436180127368,3,,balanced_subsample,,threshold,RandomForest,3,,,,20,5.0,100.0
0.841585478917023,0.012769200794692334,6,,balanced_subsample,,threshold,RandomForest,3,,,,20,5.0,200.0
0.8284647785454918,0.014267969574739395,54,,,,threshold,RandomForest,3,,,,,2.0,50.0
0.8332473033520749,0.011442009696593033,53,,,,threshold,RandomForest,3,,,,,2.0,100.0
0.8363914671965963,0.01228306638734566,37,,,,threshold,RandomForest,3,,,,,2.0,200.0
0.8359311912469455,0.012374608488066402,46,,,,threshold,RandomForest,3,,,,,5.0,50.0
0.8380784267127899,0.015046152640036446,21,,,,threshold,RandomForest,3,,,,,5.0,100.0
0.8387963850792927,0.012079093336191497,16,,,,threshold,RandomForest,3,,,,,5.0,200.0
0.8374325261294615,0.007719174474738262,28,,,,threshold,RandomForest,3,,,,10,2.0,50.0
0.8360243587258512,0.009663073453200131,44,,,,threshold,RandomForest,3,,,,10,2.0,100.0
0.8372901236327417,0.009903149412105626,31,,,,threshold,RandomForest,3,,,,10,2.0,200.0
0.8451796462126883,0.014238087137390554,1,,,,threshold,RandomForest,3,,,,10,5.0,50.0
0.8400622698093203,0.014402203488641156,9,,,,threshold,RandomForest,3,,,,10,5.0,100.0
0.8380300966518147,0.011904051619121248,22,,,,threshold,RandomForest,3,,,,10,5.0,200.0
0.8333443045444359,0.014217230776929077,52,,,,threshold,RandomForest,3,,,,20,2.0,50.0
0.8367803921027044,0.014173989316692212,36,,,,threshold,RandomForest,3,,,,20,2.0,100.0
0.837669323913607,0.013678260148338523,26,,,,threshold,RandomForest,3,,,,20,2.0,200.0
0.8363473363777922,0.013440947993111385,38,,,,threshold,RandomForest,3,,,,20,5.0,50.0
0.838227000756509,0.01743748715195422,20,,,,threshold,RandomForest,3,,,,20,5.0,100.0
0.8401949345990797,0.016205870115223536,8,,,,threshold,RandomForest,3,,,,20,5.0,200.0
0.7086209083046923,0.026574555758234187,10,0.01,balanced,liblinear,statistical,LogisticRegression,1,,,,,,
0.7176607383274629,0.02979231192154702,9,0.01,balanced,lbfgs,statistical,LogisticRegression,1,,,,,,
0.8410011002075126,0.005308093838355409,1,0.01,,liblinear,statistical,LogisticRegression,1,,,,,,
0.8363527341958715,0.006965908561030348,8,0.01,,lbfgs,statistical,LogisticRegression,1,,,,,,
0.7063319639038532,0.026323672223542476,12,0.1,balanced,liblinear,statistical,LogisticRegression,1,,,,,,
0.7070815734821979,0.02691033094757102,11,0.1,balanced,lbfgs,statistical,LogisticRegression,1,,,,,,
0.8391531151448646,0.004282083439922444,2,0.1,,liblinear,statistical,LogisticRegression,1,,,,,,
0.8388978790647144,0.00501645766491141,3,0.1,,lbfgs,statistical,LogisticRegression,1,,,,,,
0.7055487909345087,0.025975841801425845,13,1.0,balanced,liblinear,statistical,LogisticRegression,1,,,,,,
0.7055487909345087,0.025975841801425845,13,1.0,balanced,lbfgs,statistical,LogisticRegression,1,,,,,,
0.8381581276761928,0.004359213307448572,4,1.0,,liblinear,statistical,LogisticRegression,1,,,,,,
0.8381581276761928,0.004359213307448572,4,1.0,,lbfgs,statistical,LogisticRegression,1,,,,,,
0.70469825385828,0.027598307959224362,15,10.0,balanced,liblinear,statistical,LogisticRegression,1,,,,,,
0.70469825385828,0.027598307959224362,15,10.0,balanced,lbfgs,statistical,LogisticRegression,1,,,,,,
0.8381581276761928,0.004359213307448572,4,10.0,,liblinear,statistical,LogisticRegression,1,,,,,,
0.8381581276761928,0.004359213307448572,4,10.0,,lbfgs,statistical,LogisticRegression,1,,,,,,
0.695389986184516,0.01577454226005972,16,0.01,balanced,liblinear,statistical,LogisticRegression,2,,,,,,
0.7046923108203039,0.02155010922959754,9,0.01,balanced,lbfgs,statistical,LogisticRegression,2,,,,,,
0.832401252544115,0.008509654689602847,1,0.01,,liblinear,statistical,LogisticRegression,2,,,,,,
0.8274441405419932,0.0026753955480502242,2,0.01,,lbfgs,statistical,LogisticRegression,2,,,,,,
0.6978618369480349,0.026228603869448953,10,0.1,balanced,liblinear,statistical,LogisticRegression,2,,,,,,
0.6970372593559722,0.026683514521885,11,0.1,balanced,lbfgs,statistical,LogisticRegression,2,,,,,,
0.8272760067660629,0.008902255745479025,3,0.1,,liblinear,statistical,LogisticRegression,2,,,,,,
0.8260423371748766,0.008472205800305119,8,0.1,,lbfgs,statistical,LogisticRegression,2,,,,,,
0.6962296430285531,0.026321597241750375,12,1.0,balanced,liblinear,statistical,LogisticRegression,2,,,,,,
0.6962296430285531,0.026321597241750375,12,1.0,balanced,lbfgs,statistical,LogisticRegression,2,,,,,,
0.8266974613599313,0.00908751306218813,5,1.0,,liblinear,statistical,LogisticRegression,2,,,,,,
0.8272760067660629,0.008902255745479025,3,1.0,,lbfgs,statistical,LogisticRegression,2,,,,,,
0.6962296430285531,0.026321597241750375,12,10.0,balanced,liblinear,statistical,LogisticRegression,2,,,,,,
0.6962296430285531,0.026321597241750375,12,10.0,balanced,lbfgs,statistical,LogisticRegression,2,,,,,,
0.8266974613599313,0.00908751306218813,5,10.0,,liblinear,statistical,LogisticRegression,2,,,,,,
0.8266974613599313,0.00908751306218813,5,10.0,,lbfgs,statistical,LogisticRegression,2,,,,,,
0.706042364476448,0.02070928675097036,16,0.01,balanced,liblinear,statistical,LogisticRegression,3,,,,,,
0.7158081153863709,0.023185526064620873,9,0.01,balanced,lbfgs,statistical,LogisticRegression,3,,,,,,
0.8362367575616417,0.006427725080276575,1,0.01,,liblinear,statistical,LogisticRegression,3,,,,,,
0.8319110810084773,0.006260020528664086,7,0.01,,lbfgs,statistical,LogisticRegression,3,,,,,,
0.7108252943146561,0.02596400581315293,13,0.1,balanced,liblinear,statistical,LogisticRegression,3,,,,,,
0.7111568507934924,0.027016255976187696,10,0.1,balanced,lbfgs,statistical,LogisticRegression,3,,,,,,
0.8329168029566448,0.006311478964660517,3,0.1,,liblinear,statistical,LogisticRegression,3,,,,,,
0.8337268319564556,0.006496718928198588,2,0.1,,lbfgs,statistical,LogisticRegression,3,,,,,,
0.7108311996255259,0.025063329206401856,11,1.0,balanced,liblinear,statistical,LogisticRegression,3,,,,,,
0.7107608524945014,0.02737706251239988,14,1.0,balanced,lbfgs,statistical,LogisticRegression,3,,,,,,
0.8314898936286669,0.007004713453747987,8,1.0,,liblinear,statistical,LogisticRegression,3,,,,,,
0.8320717502803463,0.0077063554506478235,4,1.0,,lbfgs,statistical,LogisticRegression,3,,,,,,
0.7108311996255259,0.025063329206401856,11,10.0,balanced,liblinear,statistical,LogisticRegression,3,,,,,,
0.7107608524945014,0.02737706251239988,14,10.0,balanced,lbfgs,statistical,LogisticRegression,3,,,,,,
0.8320717502803463,0.0077063554506478235,4,10.0,,liblinear,statistical,LogisticRegression,3,,,,,,
0.8320717502803463,0.0077063554506478235,4,10.0,,lbfgs,statistical,LogisticRegression,3,,,,,,
0.7893631120423572,0.008835133114614016,20,,,,statistical,KNN,1,euclidean,3.0,uniform,,,
0.7906402697019803,0.009164181270584208,19,,,,statistical,KNN,1,euclidean,3.0,distance,,,
0.8168565090225448,0.007513589576322399,13,,,,statistical,KNN,1,euclidean,5.0,uniform,,,
0.8164772692000317,0.009654416761674145,14,,,,statistical,KNN,1,euclidean,5.0,distance,,,
0.823648566203398,0.008135480394116082,11,,,,statistical,KNN,1,euclidean,7.0,uniform,,,
0.8244682040069421,0.011266845388668447,10,,,,statistical,KNN,1,euclidean,7.0,distance,,,
0.8352976173642694,0.006436594784085661,5,,,,statistical,KNN,1,euclidean,9.0,uniform,,,
0.8349049195820939,0.01052549726308957,7,,,,statistical,KNN,1,euclidean,9.0,distance,,,
0.8414277523111796,0.00879669205131128,2,,,,statistical,KNN,1,euclidean,11.0,uniform,,,
0.8422404004545045,0.012743622228736736,1,,,,statistical,KNN,1,euclidean,11.0,distance,,,
0.7945477270745587,0.008020116188319172,17,,,,statistical,KNN,1,manhattan,3.0,uniform,,,
0.7924206164593348,0.005770147616926727,18,,,,statistical,KNN,1,manhattan,3.0,distance,,,
0.8128928765969008,0.02073664628144953,15,,,,statistical,KNN,1,manhattan,5.0,uniform,,,
0.8053176158414417,0.021420734595211145,16,,,,statistical,KNN,1,manhattan,5.0,distance,,,
0.8264177295964374,0.010283572330962736,9,,,,statistical,KNN,1,manhattan,7.0,uniform,,,
0.8221116759022259,0.013410439970096371,12,,,,statistical,KNN,1,manhattan,7.0,distance,,,
0.834846325336972,0.014379945477965863,8,,,,statistical,KNN,1,manhattan,9.0,uniform,,,
0.8349677878157958,0.014817351021480737,6,,,,statistical,KNN,1,manhattan,9.0,distance,,,
0.8378772553805595,0.010045929584601621,3,,,,statistical,KNN,1,manhattan,11.0,uniform,,,
0.8376484202566911,0.011873153368677525,4,,,,statistical,KNN,1,manhattan,11.0,distance,,,
0.7871177032748831,0.010617277407072785,19,,,,statistical,KNN,2,euclidean,3.0,uniform,,,
0.7864417580062696,0.011522383947137527,20,,,,statistical,KNN,2,euclidean,3.0,distance,,,
0.8089687637579022,0.0034815817054741293,14,,,,statistical,KNN,2,euclidean,5.0,uniform,,,
0.8077447959380801,0.0026385520286650883,15,,,,statistical,KNN,2,euclidean,5.0,distance,,,
0.8226863611134944,0.0076451294067054094,11,,,,statistical,KNN,2,euclidean,7.0,uniform,,,
0.8226462503779445,0.007110565108100914,12,,,,statistical,KNN,2,euclidean,7.0,distance,,,
0.8310510425010499,0.014364500964490386,6,,,,statistical,KNN,2,euclidean,9.0,uniform,,,
0.8295999441688956,0.013288281670669448,8,,,,statistical,KNN,2,euclidean,9.0,distance,,,
0.8330118477658564,0.008590303417622533,4,,,,statistical,KNN,2,euclidean,11.0,uniform,,,
0.832263342204525,0.007389013009320116,5,,,,statistical,KNN,2,euclidean,11.0,distance,,,
0.796011822060318,0.014636733571634733,17,,,,statistical,KNN,2,manhattan,3.0,uniform,,,
0.7881037876645405,0.015802474117251327,18,,,,statistical,KNN,2,manhattan,3.0,distance,,,
0.8097469404269523,0.008422974813134271,13,,,,statistical,KNN,2,manhattan,5.0,uniform,,,
0.8071081852324538,0.016145976208570865,16,,,,statistical,KNN,2,manhattan,5.0,distance,,,
0.8266700677176365,0.005753363148285943,9,,,,statistical,KNN,2,manhattan,7.0,uniform,,,
0.8234066154387281,0.008365757527144104,10,,,,statistical,KNN,2,manhattan,7.0,distance,,,
0.8345712915691642,0.0060834366021931706,2,,,,statistical,KNN,2,manhattan,9.0,uniform,,,
0.8308001353779394,0.004054085919247329,7,,,,statistical,KNN,2,manhattan,9.0,distance,,,
0.8392076145050377,0.007110762233597529,1,,,,statistical,KNN,2,manhattan,11.0,uniform,,,
0.8342319349674371,0.004696214220152277,3,,,,statistical,KNN,2,manhattan,11.0,distance,,,
0.7831603597137718,0.024514791894465034,19,,,,statistical,KNN,3,euclidean,3.0,uniform,,,
0.780696082972536,0.02754560933148915,20,,,,statistical,KNN,3,euclidean,3.0,distance,,,
0.799193246962669,0.022437928922587096,15,,,,statistical,KNN,3,euclidean,5.0,uniform,,,
0.7964445022776558,0.024578799495030907,16,,,,statistical,KNN,3,euclidean,5.0,distance,,,
0.8187292438949798,0.011472829165816618,9,,,,statistical,KNN,3,euclidean,7.0,uniform,,,
0.8147693204721953,0.014950875952894158,11,,,,statistical,KNN,3,euclidean,7.0,distance,,,
0.8307539149832689,0.01721015035430622,5,,,,statistical,KNN,3,euclidean,9.0,uniform,,,
0.8272951027095008,0.019436970754778012,7,,,,statistical,KNN,3,euclidean,9.0,distance,,,
0.8351545086488329,0.014893774411297607,2,,,,statistical,KNN,3,euclidean,11.0,uniform,,,
0.8321651799361088,0.017285055839883823,4,,,,statistical,KNN,3,euclidean,11.0,distance,,,
0.7934534692456102,0.006877686750550261,17,,,,statistical,KNN,3,manhattan,3.0,uniform,,,
0.7837870812575726,0.005383855213920509,18,,,,statistical,KNN,3,manhattan,3.0,distance,,,
0.8141156153652659,0.013630214079469521,12,,,,statistical,KNN,3,manhattan,5.0,uniform,,,
0.809788066979519,0.017277205685050413,14,,,,statistical,KNN,3,manhattan,5.0,distance,,,
0.8172697517362202,0.01076580519877925,10,,,,statistical,KNN,3,manhattan,7.0,uniform,,,
0.8138603417147792,0.012930603789612015,13,,,,statistical,KNN,3,manhattan,7.0,distance,,,
0.8303457685516948,0.014602099548639749,6,,,,statistical,KNN,3,manhattan,9.0,uniform,,,
0.8254521138963025,0.0171463304489233,8,,,,statistical,KNN,3,manhattan,9.0,distance,,,
0.8375146593208876,0.012416983027545509,1,,,,statistical,KNN,3,manhattan,11.0,uniform,,,
0.8323566719349534,0.012484536728819415,3,,,,statistical,KNN,3,manhattan,11.0,distance,,,
0.8414825761212035,0.012180396107736234,26,,balanced,,statistical,RandomForest,1,,,,,2.0,50.0
0.8384716064901119,0.010578287980448532,41,,balanced,,statistical,RandomForest,1,,,,,2.0,100.0
0.8414173100156137,0.010402728939906106,27,,balanced,,statistical,RandomForest,1,,,,,2.0,200.0
0.8359961028651034,0.011132918769135169,49,,balanced,,statistical,RandomForest,1,,,,,5.0,50.0
0.8406053636297217,0.010538537106244902,29,,balanced,,statistical,RandomForest,1,,,,,5.0,100.0
0.8428066099467129,0.01211076011538239,13,,balanced,,statistical,RandomForest,1,,,,,5.0,200.0
0.8342927353969125,0.01384193635356741,51,,balanced,,statistical,RandomForest,1,,,,10,2.0,50.0
0.8391069185424801,0.010548833640260609,40,,balanced,,statistical,RandomForest,1,,,,10,2.0,100.0
0.840575762136979,0.010583198267815829,30,,balanced,,statistical,RandomForest,1,,,,10,2.0,200.0
0.8350779594824946,0.010279394061425303,50,,balanced,,statistical,RandomForest,1,,,,10,5.0,50.0
0.8362933615090826,0.013839146415654511,48,,balanced,,statistical,RandomForest,1,,,,10,5.0,100.0
0.8420260839891162,0.012221225572137468,20,,balanced,,statistical,RandomForest,1,,,,10,5.0,200.0
0.8394207841141865,0.011693220353772694,39,,balanced,,statistical,RandomForest,1,,,,20,2.0,50.0
0.8404793683387858,0.008076032943740697,31,,balanced,,statistical,RandomForest,1,,,,20,2.0,100.0
0.8438089595135457,0.0078793367300846,8,,balanced,,statistical,RandomForest,1,,,,20,2.0,200.0
0.836946726069254,0.01258873815829867,44,,balanced,,statistical,RandomForest,1,,,,20,5.0,50.0
0.843849921594441,0.01221541450971541,7,,balanced,,statistical,RandomForest,1,,,,20,5.0,100.0
0.8423837766738783,0.011982467432526367,16,,balanced,,statistical,RandomForest,1,,,,20,5.0,200.0
0.8401021508107507,0.011123687687391753,33,,balanced_subsample,,statistical,RandomForest,1,,,,,2.0,50.0
0.8419100346115403,0.007260618286826281,22,,balanced_subsample,,statistical,RandomForest,1,,,,,2.0,100.0
0.8449668467949738,0.009189516772476142,4,,balanced_subsample,,statistical,RandomForest,1,,,,,2.0,200.0
0.8380762359398298,0.013774624571455122,42,,balanced_subsample,,statistical,RandomForest,1,,,,,5.0,50.0
0.8423976360400515,0.012724303235316727,15,,balanced_subsample,,statistical,RandomForest,1,,,,,5.0,100.0
0.8467952851314442,0.010225045790550525,1,,balanced_subsample,,statistical,RandomForest,1,,,,,5.0,200.0
0.8421442933897367,0.009632689608938006,18,,balanced_subsample,,statistical,RandomForest,1,,,,10,2.0,50.0
0.8395758639700108,0.010814838975220736,38,,balanced_subsample,,statistical,RandomForest,1,,,,10,2.0,100.0
0.8412311320940763,0.009803577473826982,28,,balanced_subsample,,statistical,RandomForest,1,,,,10,2.0,200.0
0.8364516237380958,0.0066370572127017954,46,,balanced_subsample,,statistical,RandomForest,1,,,,10,5.0,50.0
0.8434205897858551,0.009554479989560969,11,,balanced_subsample,,statistical,RandomForest,1,,,,10,5.0,100.0
0.8459172386007274,0.008112617805640588,3,,balanced_subsample,,statistical,RandomForest,1,,,,10,5.0,200.0
0.8364416334478527,0.014629966676370164,47,,balanced_subsample,,statistical,RandomForest,1,,,,20,2.0,50.0
0.8402952474219317,0.010015397779250155,32,,balanced_subsample,,statistical,RandomForest,1,,,,20,2.0,100.0
0.8415983067491938,0.011793864262057252,25,,balanced_subsample,,statistical,RandomForest,1,,,,20,2.0,200.0
0.834171687496295,0.015228982847961611,52,,balanced_subsample,,statistical,RandomForest,1,,,,20,5.0,50.0
0.8438625644629317,0.013288586347675841,6,,balanced_subsample,,statistical,RandomForest,1,,,,20,5.0,100.0
0.8435599279884911,0.011251512648136036,10,,balanced_subsample,,statistical,RandomForest,1,,,,20,5.0,200.0
0.8304083047883077,0.011759387361158162,54,,,,statistical,RandomForest,1,,,,,2.0,50.0
0.8396368831737048,0.01194478969448661,37,,,,statistical,RandomForest,1,,,,,2.0,100.0
0.8396505271809668,0.01480322006281835,35,,,,statistical,RandomForest,1,,,,,2.0,200.0
0.8380071065970235,0.013673066571371703,43,,,,statistical,RandomForest,1,,,,,5.0,50.0
0.8437221966187185,0.012292352384766505,9,,,,statistical,RandomForest,1,,,,,5.0,100.0
0.8416908749791006,0.011734726173429752,23,,,,statistical,RandomForest,1,,,,,5.0,200.0
0.8396461312937469,0.008995437435113045,36,,,,statistical,RandomForest,1,,,,10,2.0,50.0
0.8421019853613062,0.008764867433165364,19,,,,statistical,RandomForest,1,,,,10,2.0,100.0
0.8419166493267903,0.008274295896512702,21,,,,statistical,RandomForest,1,,,,10,2.0,200.0
0.8434054973435149,0.006928784019778655,12,,,,statistical,RandomForest,1,,,,10,5.0,50.0
0.8467578058991542,0.00891829182145722,2,,,,statistical,RandomForest,1,,,,10,5.0,100.0
0.844586253695568,0.008519320227908115,5,,,,statistical,RandomForest,1,,,,10,5.0,200.0
0.8317307307007793,0.014082894912306073,53,,,,statistical,RandomForest,1,,,,20,2.0,50.0
0.8365681697423193,0.01243244255038915,45,,,,statistical,RandomForest,1,,,,20,2.0,100.0
0.8400748176126582,0.015135019071356082,34,,,,statistical,RandomForest,1,,,,20,2.0,200.0
0.8416715975237423,0.010833386207140352,24,,,,statistical,RandomForest,1,,,,20,5.0,50.0
0.8427441773329599,0.013154794725639594,14,,,,statistical,RandomForest,1,,,,20,5.0,100.0
0.8421497136130818,0.010983523203459983,17,,,,statistical,RandomForest,1,,,,20,5.0,200.0
0.8375392450216662,0.012816095568600553,38,,balanced,,statistical,RandomForest,2,,,,,2.0,50.0
0.839543982962463,0.006737493543696634,21,,balanced,,statistical,RandomForest,2,,,,,2.0,100.0
0.8383083323592666,0.007010827089719937,27,,balanced,,statistical,RandomForest,2,,,,,2.0,200.0
0.8375697915006283,0.012544280706350506,37,,balanced,,statistical,RandomForest,2,,,,,5.0,50.0
0.8373486378971032,0.005032609174412681,40,,balanced,,statistical,RandomForest,2,,,,,5.0,100.0
0.8399389051041439,0.008330077403381193,16,,balanced,,statistical,RandomForest,2,,,,,5.0,200.0
0.8376081485440178,0.007400807287132541,36,,balanced,,statistical,RandomForest,2,,,,10,2.0,50.0
0.8373555163404319,0.005017798794180003,39,,balanced,,statistical,RandomForest,2,,,,10,2.0,100.0
0.8391139087159397,0.008153540876172247,23,,balanced,,statistical,RandomForest,2,,,,10,2.0,200.0
0.8405603087605611,0.015723598955653825,14,,balanced,,statistical,RandomForest,2,,,,10,5.0,50.0
0.8396479209197947,0.010762886076892679,19,,balanced,,statistical,RandomForest,2,,,,10,5.0,100.0
0.8421562677416409,0.009402693495320602,5,,balanced,,statistical,RandomForest,2,,,,10,5.0,200.0
0.8376290655760169,0.01403492171340249,34,,balanced,,statistical,RandomForest,2,,,,20,2.0,50.0
0.8367214729031819,0.007215633319425745,42,,balanced,,statistical,RandomForest,2,,,,20,2.0,100.0
0.838489084421832,0.006585661095270071,25,,balanced,,statistical,RandomForest,2,,,,20,2.0,200.0
0.8363563111701712,0.00919470822469707,46,,balanced,,statistical,RandomForest,2,,,,20,5.0,50.0
0.8380483910635323,0.006335233695910376,29,,balanced,,statistical,RandomForest,2,,,,20,5.0,100.0
0.8415665456912664,0.008158329591031093,9,,balanced,,statistical,RandomForest,2,,,,20,5.0,200.0
0.8368283596232164,0.007657380758989523,41,,balanced_subsample,,statistical,RandomForest,2,,,,,2.0,50.0
0.8383117553973427,0.008105118358312138,26,,balanced_subsample,,statistical,RandomForest,2,,,,,2.0,100.0
0.8406339168495265,0.005775832225035082,13,,balanced_subsample,,statistical,RandomForest,2,,,,,2.0,200.0
0.8418773836323312,0.009415249965022198,7,,balanced_subsample,,statistical,RandomForest,2,,,,,5.0,50.0
0.8399366896849404,0.008592521846598412,17,,balanced_subsample,,statistical,RandomForest,2,,,,,5.0,100.0
0.8425957172728241,0.006442352970090276,2,,balanced_subsample,,statistical,RandomForest,2,,,,,5.0,200.0
0.840975167072364,0.007905785201933972,10,,balanced_subsample,,statistical,RandomForest,2,,,,10,2.0,50.0
0.8376221402769468,0.005419283674903385,35,,balanced_subsample,,statistical,RandomForest,2,,,,10,2.0,100.0
0.83927958404091,0.006952552679801533,22,,balanced_subsample,,statistical,RandomForest,2,,,,10,2.0,200.0
0.836452218907794,0.00957938877505407,45,,balanced_subsample,,statistical,RandomForest,2,,,,10,5.0,50.0
0.83626191052021,0.006191060262572528,47,,balanced_subsample,,statistical,RandomForest,2,,,,10,5.0,100.0
0.8386770996552698,0.00848052524307701,24,,balanced_subsample,,statistical,RandomForest,2,,,,10,5.0,200.0
0.83580765550115,0.008985191787113614,49,,balanced_subsample,,statistical,RandomForest,2,,,,20,2.0,50.0
0.8360861401107403,0.008050058448755308,48,,balanced_subsample,,statistical,RandomForest,2,,,,20,2.0,100.0
0.8409512469139042,0.005011692820794114,11,,balanced_subsample,,statistical,RandomForest,2,,,,20,2.0,200.0
0.8422170091612327,0.008217367080555486,4,,balanced_subsample,,statistical,RandomForest,2,,,,20,5.0,50.0
0.838152001811706,0.004957524138241674,28,,balanced_subsample,,statistical,RandomForest,2,,,,20,5.0,100.0
0.8424227798529638,0.004702473758970363,3,,balanced_subsample,,statistical,RandomForest,2,,,,20,5.0,200.0
0.8340367212333112,0.0030399278336003563,52,,,,statistical,RandomForest,2,,,,,2.0,50.0
0.8345511782468762,0.004063031981827564,51,,,,statistical,RandomForest,2,,,,,2.0,100.0
0.8365182508034769,0.005351988906325579,43,,,,statistical,RandomForest,2,,,,,2.0,200.0
0.8364713281053564,0.009555467629952536,44,,,,statistical,RandomForest,2,,,,,5.0,50.0
0.8380069417014703,0.0035788336356170087,31,,,,statistical,RandomForest,2,,,,,5.0,100.0
0.8378364145906879,0.005222862667958472,33,,,,statistical,RandomForest,2,,,,,5.0,200.0
0.8379940414540898,0.010730779873538779,32,,,,statistical,RandomForest,2,,,,10,2.0,50.0
0.8395792028073676,0.012482309025350878,20,,,,statistical,RandomForest,2,,,,10,2.0,100.0
0.8421349369066903,0.007660981349495959,6,,,,statistical,RandomForest,2,,,,10,2.0,200.0
0.8405329266929696,0.007187536829307805,15,,,,statistical,RandomForest,2,,,,10,5.0,50.0
0.8418700418645801,0.007271590081024145,8,,,,statistical,RandomForest,2,,,,10,5.0,100.0
0.8442811677790212,0.006394218089577648,1,,,,statistical,RandomForest,2,,,,10,5.0,200.0
0.8306866751559372,0.005840364551792315,54,,,,statistical,RandomForest,2,,,,20,2.0,50.0
0.8328279714068112,0.00524566536716971,53,,,,statistical,RandomForest,2,,,,20,2.0,100.0
0.8352401921795518,0.005147643737179395,50,,,,statistical,RandomForest,2,,,,20,2.0,200.0
0.8380085907197763,0.009283700935815502,30,,,,statistical,RandomForest,2,,,,20,5.0,50.0
0.8397394254775332,0.005210322568673713,18,,,,statistical,RandomForest,2,,,,20,5.0,100.0
0.8406367691267931,0.005613737584270623,12,,,,statistical,RandomForest,2,,,,20,5.0,200.0
0.8422628301393124,0.01177784032852707,10,,balanced,,statistical,RandomForest,3,,,,,2.0,50.0
0.8391715742507969,0.008508880502100545,32,,balanced,,statistical,RandomForest,3,,,,,2.0,100.0
0.8427357298678144,0.01030662029689698,5,,balanced,,statistical,RandomForest,3,,,,,2.0,200.0
0.8352732874914288,0.005473293660546514,51,,balanced,,statistical,RandomForest,3,,,,,5.0,50.0
0.8365951470418661,0.009490175104919247,45,,balanced,,statistical,RandomForest,3,,,,,5.0,100.0
0.8417124651117793,0.012555179968031698,14,,balanced,,statistical,RandomForest,3,,,,,5.0,200.0
0.8362277179963862,0.009060665512378368,49,,balanced,,statistical,RandomForest,3,,,,10,2.0,50.0
0.8381152265895293,0.011134404485927476,36,,balanced,,statistical,RandomForest,3,,,,10,2.0,100.0
0.8386752163394023,0.013965523999057336,35,,balanced,,statistical,RandomForest,3,,,,10,2.0,200.0
0.8397852186067869,0.009125569253721239,28,,balanced,,statistical,RandomForest,3,,,,10,5.0,50.0
0.8434679077772028,0.01016199326177016,3,,balanced,,statistical,RandomForest,3,,,,10,5.0,100.0
0.8434432355210693,0.011503221156526258,4,,balanced,,statistical,RandomForest,3,,,,10,5.0,200.0
0.8452037574928448,0.007437750813983272,1,,balanced,,statistical,RandomForest,3,,,,20,2.0,50.0
0.8422916624071511,0.008993144251253684,9,,balanced,,statistical,RandomForest,3,,,,20,2.0,100.0
0.8423181520783485,0.012542056602350488,8,,balanced,,statistical,RandomForest,3,,,,20,2.0,200.0
0.8380205240806802,0.007327734710048888,37,,balanced,,statistical,RandomForest,3,,,,20,5.0,50.0
0.8398271129861474,0.011859807963816056,27,,balanced,,statistical,RandomForest,3,,,,20,5.0,100.0
0.8409981820589414,0.013617573089258888,20,,balanced,,statistical,RandomForest,3,,,,20,5.0,200.0
0.8319181710413645,0.012154837368527014,54,,balanced_subsample,,statistical,RandomForest,3,,,,,2.0,50.0
0.8365094556211619,0.0130949855831203,48,,balanced_subsample,,statistical,RandomForest,3,,,,,2.0,100.0
0.8395192156537934,0.013125794064378669,29,,balanced_subsample,,statistical,RandomForest,3,,,,,2.0,200.0
0.8367520219484396,0.016069505843251407,44,,balanced_subsample,,statistical,RandomForest,3,,,,,5.0,50.0
0.8392074180677384,0.018622167847647347,31,,balanced_subsample,,statistical,RandomForest,3,,,,,5.0,100.0
0.840388276328943,0.015165982004376473,26,,balanced_subsample,,statistical,RandomForest,3,,,,,5.0,200.0
0.8404253046639092,0.009079896395804792,24,,balanced_subsample,,statistical,RandomForest,3,,,,10,2.0,50.0
0.8427288876735746,0.008779887401713614,6,,balanced_subsample,,statistical,RandomForest,3,,,,10,2.0,100.0
0.840823583514051,0.01048947457467943,23,,balanced_subsample,,statistical,RandomForest,3,,,,10,2.0,200.0
0.8365836806204697,0.010258908641359895,46,,balanced_subsample,,statistical,RandomForest,3,,,,10,5.0,50.0
0.8409624016752506,0.010778840073774621,21,,balanced_subsample,,statistical,RandomForest,3,,,,10,5.0,100.0
0.8424061005508557,0.010520233895972293,7,,balanced_subsample,,statistical,RandomForest,3,,,,10,5.0,200.0
0.8340643321520872,0.014925578623656179,52,,balanced_subsample,,statistical,RandomForest,3,,,,20,2.0,50.0
0.8356946201404971,0.012865367948341037,50,,balanced_subsample,,statistical,RandomForest,3,,,,20,2.0,100.0
0.8413844895606335,0.012518566665143992,16,,balanced_subsample,,statistical,RandomForest,3,,,,20,2.0,200.0
0.8378940776652696,0.0192017274115801,38,,balanced_subsample,,statistical,RandomForest,3,,,,20,5.0,50.0
0.8393660270526239,0.01748143579198224,30,,balanced_subsample,,statistical,RandomForest,3,,,,20,5.0,100.0
0.8403999902590933,0.01370071283516038,25,,balanced_subsample,,statistical,RandomForest,3,,,,20,5.0,200.0
0.8370987974125874,0.016695162293866257,43,,,,statistical,RandomForest,3,,,,,2.0,50.0
0.8372054031828012,0.014978694293106574,42,,,,statistical,RandomForest,3,,,,,2.0,100.0
0.8365347402431013,0.014106946889523755,47,,,,statistical,RandomForest,3,,,,,2.0,200.0
0.8377860235003093,0.010444974260911805,39,,,,statistical,RandomForest,3,,,,,5.0,50.0
0.8416774183142511,0.011656329195028712,15,,,,statistical,RandomForest,3,,,,,5.0,100.0
0.8410689869358812,0.01210122353095584,19,,,,statistical,RandomForest,3,,,,,5.0,200.0
0.8410752243807919,0.014425785979144278,18,,,,statistical,RandomForest,3,,,,10,2.0,50.0
0.8412701474521722,0.012450304731860165,17,,,,statistical,RandomForest,3,,,,10,2.0,100.0
0.8417269016003168,0.015604726627883725,13,,,,statistical,RandomForest,3,,,,10,2.0,200.0
0.8409117619134255,0.007632509999700466,22,,,,statistical,RandomForest,3,,,,10,5.0,50.0
0.8422272224442725,0.013251412103479243,11,,,,statistical,RandomForest,3,,,,10,5.0,100.0
0.8439865094287846,0.009871334563975362,2,,,,statistical,RandomForest,3,,,,10,5.0,200.0
0.8329681507098631,0.016637797431750055,53,,,,statistical,RandomForest,3,,,,20,2.0,50.0
0.8375229545278378,0.017146158794742437,41,,,,statistical,RandomForest,3,,,,20,2.0,100.0
0.8389781188170364,0.013349441757140397,34,,,,statistical,RandomForest,3,,,,20,2.0,200.0
0.8375794982062141,0.01140853159258058,40,,,,statistical,RandomForest,3,,,,20,5.0,50.0
0.8390017794882271,0.011574145008309089,33,,,,statistical,RandomForest,3,,,,20,5.0,100.0
0.8420459514461365,0.013478836477158555,12,,,,statistical,RandomForest,3,,,,20,5.0,200.0
